Host,接口Path,该接口请求数,参数名,参数取值,出现次数
push2delay.eastmoney.com,/api/qt/stock/get,1556,fields,"f43,f44,f45,f46,f47,f48,f50,f57,f58,f60,f86,f107,f152,f169,f170",1556
push2delay.eastmoney.com,/api/qt/stock/get,1556,fltt,2,1556
push2delay.eastmoney.com,/api/qt/stock/get,1556,invt,2,1556
push2delay.eastmoney.com,/api/qt/stock/get,1556,secid,105.SPY,122
push2delay.eastmoney.com,/api/qt/stock/get,1556,secid,105.QQQ,122
push2delay.eastmoney.com,/api/qt/stock/get,1556,secid,103.YM00Y,122
push2delay.eastmoney.com,/api/qt/stock/get,1556,secid,103.ES00Y,122
push2delay.eastmoney.com,/api/qt/stock/get,1556,secid,103.NQ00Y,122
push2delay.eastmoney.com,/api/qt/stock/get,1556,secid,133.USDCNH,106
push2delay.eastmoney.com,/api/qt/stock/get,1556,secid,100.KS11,70
push2delay.eastmoney.com,/api/qt/stock/get,1556,secid,100.N225,70
push2delay.eastmoney.com,/api/qt/stock/get,1556,secid,100.TWII,65
push2delay.eastmoney.com,/api/qt/stock/get,1556,secid,1.000941,65
push2delay.eastmoney.com,/api/qt/stock/get,1556,secid,1.000905,65
push2delay.eastmoney.com,/api/qt/stock/get,1556,secid,0.399610,65
push2delay.eastmoney.com,/api/qt/stock/get,1556,secid,0.399006,65
push2delay.eastmoney.com,/api/qt/stock/get,1556,secid,1.000300,65
push2delay.eastmoney.com,/api/qt/stock/get,1556,secid,124.HSTECH,65
push2delay.eastmoney.com,/api/qt/stock/get,1556,secid,100.HSCEI,65
push2delay.eastmoney.com,/api/qt/stock/get,1556,secid,100.HSI,65
push2delay.eastmoney.com,/api/qt/stock/get,1556,secid,100.NDX,65
push2delay.eastmoney.com,/api/qt/stock/get,1556,secid,107.SLV,5
push2delay.eastmoney.com,/api/qt/stock/get,1556,secid,107.UNG,5
push2delay.eastmoney.com,/api/qt/stock/get,1556,secid,107.CPER,5
push2delay.eastmoney.com,/api/qt/stock/get,1556,secid,107.GLD,5
push2delay.eastmoney.com,/api/qt/stock/get,1556,secid,107.TLT,5
push2delay.eastmoney.com,/api/qt/stock/get,1556,secid,100.UDI,5
push2delay.eastmoney.com,/api/qt/stock/get,1556,secid,107.VIXY,5
push2delay.eastmoney.com,/api/qt/stock/get,1556,secid,107.BNO,5
push2delay.eastmoney.com,/api/qt/stock/get,1556,secid,100.SENSEX,5
push2delay.eastmoney.com,/api/qt/stock/get,1556,secid,100.VNINDEX,5
qt.gtimg.cn,/q={codes},493,q(路径:代码列表),jp4063,5
qt.gtimg.cn,/q={codes},493,q(路径:代码列表),jp6758,5
qt.gtimg.cn,/q={codes},493,q(路径:代码列表),jp6861,5
qt.gtimg.cn,/q={codes},493,q(路径:代码列表),jp6954,5
qt.gtimg.cn,/q={codes},493,q(路径:代码列表),jp7203,5
qt.gtimg.cn,/q={codes},493,q(路径:代码列表),jp7974,5
qt.gtimg.cn,/q={codes},493,q(路径:代码列表),jp8035,10
qt.gtimg.cn,/q={codes},493,q(路径:代码列表),jp8306,5
qt.gtimg.cn,/q={codes},493,q(路径:代码列表),jp9983,5
qt.gtimg.cn,/q={codes},493,q(路径:代码列表),jp9984,5
qt.gtimg.cn,/q={codes},493,q(路径:代码列表),kr000660,5
qt.gtimg.cn,/q={codes},493,q(路径:代码列表),kr005380,5
qt.gtimg.cn,/q={codes},493,q(路径:代码列表),kr005930,10
qt.gtimg.cn,/q={codes},493,q(路径:代码列表),kr009540,5
qt.gtimg.cn,/q={codes},493,q(路径:代码列表),kr035420,5
qt.gtimg.cn,/q={codes},493,q(路径:代码列表),kr051910,5
qt.gtimg.cn,/q={codes},493,q(路径:代码列表),kr066570,5
qt.gtimg.cn,/q={codes},493,q(路径:代码列表),kr068270,5
qt.gtimg.cn,/q={codes},493,q(路径:代码列表),kr105560,5
qt.gtimg.cn,/q={codes},493,q(路径:代码列表),kr373220,5
qt.gtimg.cn,/q={codes},493,q(路径:代码列表),sh000001,58
qt.gtimg.cn,/q={codes},493,q(路径:代码列表),sh513050,65
qt.gtimg.cn,/q={codes},493,q(路径:代码列表),sh513100,65
qt.gtimg.cn,/q={codes},493,q(路径:代码列表),sz000688,58
qt.gtimg.cn,/q={codes},493,q(路径:代码列表),sz159605,65
qt.gtimg.cn,/q={codes},493,q(路径:代码列表),sz159941,65
qt.gtimg.cn,/q={codes},493,q(路径:代码列表),sz161128,65
qt.gtimg.cn,/q={codes},493,q(路径:代码列表),sz399001,58
qt.gtimg.cn,/q={codes},493,q(路径:代码列表),sz399006,58
fund.eastmoney.com,/pingzhongdata/{code}.js,130,基金代码(路径),000043,6
fund.eastmoney.com,/pingzhongdata/{code}.js,130,基金代码(路径),001668,6
fund.eastmoney.com,/pingzhongdata/{code}.js,130,基金代码(路径),002891,6
fund.eastmoney.com,/pingzhongdata/{code}.js,130,基金代码(路径),005698,6
fund.eastmoney.com,/pingzhongdata/{code}.js,130,基金代码(路径),006373,6
fund.eastmoney.com,/pingzhongdata/{code}.js,130,基金代码(路径),006555,6
fund.eastmoney.com,/pingzhongdata/{code}.js,130,基金代码(路径),008253,6
fund.eastmoney.com,/pingzhongdata/{code}.js,130,基金代码(路径),012920,6
fund.eastmoney.com,/pingzhongdata/{code}.js,130,基金代码(路径),016664,6
fund.eastmoney.com,/pingzhongdata/{code}.js,130,基金代码(路径),016701,6
fund.eastmoney.com,/pingzhongdata/{code}.js,130,基金代码(路径),017091,6
fund.eastmoney.com,/pingzhongdata/{code}.js,130,基金代码(路径),017144,6
fund.eastmoney.com,/pingzhongdata/{code}.js,130,基金代码(路径),017436,10
fund.eastmoney.com,/pingzhongdata/{code}.js,130,基金代码(路径),017730,6
fund.eastmoney.com,/pingzhongdata/{code}.js,130,基金代码(路径),100055,6
fund.eastmoney.com,/pingzhongdata/{code}.js,130,基金代码(路径),161128,6
fund.eastmoney.com,/pingzhongdata/{code}.js,130,基金代码(路径),270023,6
fund.eastmoney.com,/pingzhongdata/{code}.js,130,基金代码(路径),457001,6
fund.eastmoney.com,/pingzhongdata/{code}.js,130,基金代码(路径),501226,6
fund.eastmoney.com,/pingzhongdata/{code}.js,130,基金代码(路径),501312,6
fund.eastmoney.com,/pingzhongdata/{code}.js,130,基金代码(路径),539002,6
push2delay.eastmoney.com,/api/qt/ulist.np/get,77,_t,"[时间戳] 共6个不同值,范围 1787288183748~1787288188146",6
push2delay.eastmoney.com,/api/qt/ulist.np/get,77,fields,"f12,f13,f3",71
push2delay.eastmoney.com,/api/qt/ulist.np/get,77,fields,"f12,f13,f14,f2,f3,f4,f60,f86",6
push2delay.eastmoney.com,/api/qt/ulist.np/get,77,fltt,2,77
push2delay.eastmoney.com,/api/qt/ulist.np/get,77,invt,2,77
push2delay.eastmoney.com,/api/qt/ulist.np/get,77,secids,"90.BK1134,90.BK1128,90.BK0917,90.BK1137,90.BK0922,90.BK0579,90.BK0963,90.BK0921,90.BK1090,90.BK0802,90.BK0577,90.BK1647,90.BK0490,90.BK0493,90.BK0588,90.BK0574,90.BK0464,90.BK0843,90.BK0478,90.BK0547,90.BK0475,90.BK1216,90.BK0438,90.BK0578,90.BK1106,90.BK0710,90.BK0968,90.BK1646,90.BK1166,90.BK0668",6
push2delay.eastmoney.com,/api/qt/ulist.np/get,77,secids,"105.NVDA,105.MRVL,105.AAPL,105.MSFT,105.NFLX,105.AVGO,105.TSLA,105.META,105.AMZN,105.SMCI",5
push2delay.eastmoney.com,/api/qt/ulist.np/get,77,secids,"106.TSM,105.ASML,116.09988",3
push2delay.eastmoney.com,/api/qt/ulist.np/get,77,secids,"116.00522,1.603986,105.SNDK,1.600183,105.MU,105.STX,105.WDC",3
push2delay.eastmoney.com,/api/qt/ulist.np/get,77,secids,"116.02476,0.300308,105.NVDA,106.TSM,116.01347,106.GLW,0.002384,1.688498",3
push2delay.eastmoney.com,/api/qt/ulist.np/get,77,secids,"105.NVDA,105.AAPL,105.MSFT,105.GOOGL,105.GOOG,105.AVGO,105.MU,105.META,105.AMD,105.INTC",3
push2delay.eastmoney.com,/api/qt/ulist.np/get,77,secids,"105.SNDK,105.MU,105.LRCX,106.TSM,105.MKSI,105.AMAT,105.ASML,105.AMD,105.NBIS,105.NVDA",3
push2delay.eastmoney.com,/api/qt/ulist.np/get,77,secids,105.NVDA.US,3
push2delay.eastmoney.com,/api/qt/ulist.np/get,77,secids,"105.MRVL,105.TSLA,106.NIO,105.RIVN,106.RACE,105.PONY,105.AMD,105.MU,116.03750,105.AVGO",3
push2delay.eastmoney.com,/api/qt/ulist.np/get,77,secids,"106.TSM,105.MU,105.AVGO,105.KLAC,105.LRCX,105.SNDK,105.ASML,105.GOOGL,105.AMZN,105.NVDA",3
push2delay.eastmoney.com,/api/qt/ulist.np/get,77,secids,"105.NVDA,105.GOOGL,105.AAPL,105.MU,105.AMD,105.INTC,105.AMZN,105.MSFT,105.AVGO,106.TSM",3
push2delay.eastmoney.com,/api/qt/ulist.np/get,77,secids,"105.MU,105.SNDK,106.ONTO,105.AMD,105.INTC,105.LITE,106.TSM,106.STM,105.ALAB",3
push2delay.eastmoney.com,/api/qt/ulist.np/get,77,secids,"105.SNDK,105.MU,105.MRVL,106.TSM,105.LITE,106.UMC,105.STX,105.WDC,116.01888,116.00522",3
push2delay.eastmoney.com,/api/qt/ulist.np/get,77,secids,"105.NVDA,105.GOOGL,105.MU,105.AMZN,105.AAPL,105.AMD,105.MSFT,106.TSM,105.AVGO,105.INTC",3
push2delay.eastmoney.com,/api/qt/ulist.np/get,77,secids,"106.TSM,105.NVDA,105.SNDK,105.AVGO,105.WDC,105.MU,105.LITE,106.GLW",3
push2delay.eastmoney.com,/api/qt/ulist.np/get,77,secids,"105.LRCX,106.TSM,105.AMD,0.300502,0.300308,105.SNDK,105.INTC,1.688498,105.ASML",3
push2delay.eastmoney.com,/api/qt/ulist.np/get,77,secids,"105.NVDA,105.AAPL,105.MSFT,105.AVGO,105.MU,105.AMD,105.INTC,105.AMAT,105.LRCX,105.CSCO",3
push2delay.eastmoney.com,/api/qt/ulist.np/get,77,secids,"105.AAPL,105.NVDA,105.GOOGL,105.AVGO,105.MSFT,105.AMZN,105.WDC,105.LRCX,106.LLY,105.TSLA",3
push2delay.eastmoney.com,/api/qt/ulist.np/get,77,secids,"105.AMD,105.MU,105.KLAC,1.688498,105.MPWR,106.TSM,1.688361,1.688256,105.AVGO,116.03986",3
push2delay.eastmoney.com,/api/qt/ulist.np/get,77,secids,"116.02513,105.MU,105.LRCX,105.ASML,105.SNDK,105.AMD,105.AMAT,105.GOOG,0.300408",3
push2delay.eastmoney.com,/api/qt/ulist.np/get,77,secids,"105.SNDK,105.MU,105.INTC,105.WDC,105.AMD,106.COHR,105.TER",3
push2delay.eastmoney.com,/api/qt/ulist.np/get,77,secids,"122.XAU,122.XAG,101.GC00Y,101.SI00Y",3
push2delay.eastmoney.com,/api/qt/ulist.np/get,77,secids,"100.UDI,105.TLT,122.XAU,101.GC00Y,122.XAG,101.SI00Y,113.cum,113.alm,113.znm,113.nim,113.snm,0.000657,1.601958,0.002428,0.000960,0.002155",3
push2delay.eastmoney.com,/api/qt/ulist.np/get,77,secids,"105.MU,105.MKSI,106.TSM,105.INTC,106.GLW,105.SNDK,105.LRCX,105.GOOG,106.NOK",2
push2delay.eastmoney.com,/api/qt/ulist.np/get,77,secids,"105.MU,106.TSM,105.MKSI,105.INTC,106.GLW,105.SNDK,105.LRCX,105.GOOG,106.NOK",1
push2delay.eastmoney.com,/api/qt/ulist.np/get,77,ut,fa5fd1943c7b386f172d6893dbfba10b,77
fundmobapi.eastmoney.com,/FundMNewApi/FundMNInverstPosition,68,FCODE,017436,5
fundmobapi.eastmoney.com,/FundMNewApi/FundMNInverstPosition,68,FCODE,457001,3
fundmobapi.eastmoney.com,/FundMNewApi/FundMNInverstPosition,68,FCODE,100055,3
fundmobapi.eastmoney.com,/FundMNewApi/FundMNInverstPosition,68,FCODE,016664,3
fundmobapi.eastmoney.com,/FundMNewApi/FundMNInverstPosition,68,FCODE,159509,3
fundmobapi.eastmoney.com,/FundMNewApi/FundMNInverstPosition,68,FCODE,017091,3
fundmobapi.eastmoney.com,/FundMNewApi/FundMNInverstPosition,68,FCODE,008253,3
fundmobapi.eastmoney.com,/FundMNewApi/FundMNInverstPosition,68,FCODE,501312,3
fundmobapi.eastmoney.com,/FundMNewApi/FundMNInverstPosition,68,FCODE,017144,3
fundmobapi.eastmoney.com,/FundMNewApi/FundMNInverstPosition,68,FCODE,501226,3
fundmobapi.eastmoney.com,/FundMNewApi/FundMNInverstPosition,68,FCODE,016701,3
fundmobapi.eastmoney.com,/FundMNewApi/FundMNInverstPosition,68,FCODE,002891,3
fundmobapi.eastmoney.com,/FundMNewApi/FundMNInverstPosition,68,FCODE,005698,3
fundmobapi.eastmoney.com,/FundMNewApi/FundMNInverstPosition,68,FCODE,001668,3
fundmobapi.eastmoney.com,/FundMNewApi/FundMNInverstPosition,68,FCODE,539002,3
fundmobapi.eastmoney.com,/FundMNewApi/FundMNInverstPosition,68,FCODE,006373,3
fundmobapi.eastmoney.com,/FundMNewApi/FundMNInverstPosition,68,FCODE,012920,3
fundmobapi.eastmoney.com,/FundMNewApi/FundMNInverstPosition,68,FCODE,161128,3
fundmobapi.eastmoney.com,/FundMNewApi/FundMNInverstPosition,68,FCODE,000043,3
fundmobapi.eastmoney.com,/FundMNewApi/FundMNInverstPosition,68,FCODE,017730,3
fundmobapi.eastmoney.com,/FundMNewApi/FundMNInverstPosition,68,FCODE,270023,3
fundmobapi.eastmoney.com,/FundMNewApi/FundMNInverstPosition,68,FCODE,006555,3
fundmobapi.eastmoney.com,/FundMNewApi/FundMNInverstPosition,68,MobileKey,efundlite,68
fundmobapi.eastmoney.com,/FundMNewApi/FundMNInverstPosition,68,appType,ttjj,68
fundmobapi.eastmoney.com,/FundMNewApi/FundMNInverstPosition,68,deviceid,efundlite,68
fundmobapi.eastmoney.com,/FundMNewApi/FundMNInverstPosition,68,plat,Iphone,68
fundmobapi.eastmoney.com,/FundMNewApi/FundMNInverstPosition,68,product,EFund,68
fundmobapi.eastmoney.com,/FundMNewApi/FundMNInverstPosition,68,version,6.5.5,68
hq.sinajs.cn,/rn={ts}&list={codes},50,list(路径),"gb_qqq,gb_spy,gb_dia",41
hq.sinajs.cn,/rn={ts}&list={codes},50,list(路径),"gb_tlt,nf_AU0",3
hq.sinajs.cn,/rn={ts}&list={codes},50,list(路径),"nf_CU0,nf_AL0,nf_ZN0,nf_NI0,nf_SN0,nf_AU0",3
hq.sinajs.cn,/rn={ts}&list={codes},50,list(路径),"hf_OIL,hf_CL,hf_VX,hf_XAU,hf_GC,hf_XAG,hf_SI,hf_HG,hf_CAD,hf_NG,nf_AU0",3
push2his.eastmoney.com,/api/qt/stock/kline/get,45,_t,"[时间戳] 共26个不同值,范围 1787288142078~1787288188250",45
push2his.eastmoney.com,/api/qt/stock/kline/get,45,end,20500101,45
push2his.eastmoney.com,/api/qt/stock/kline/get,45,fields1,f1,30
push2his.eastmoney.com,/api/qt/stock/kline/get,45,fields1,"f1,f2,f3,f4,f5,f6",15
push2his.eastmoney.com,/api/qt/stock/kline/get,45,fields2,"f51,f53,f59",30
push2his.eastmoney.com,/api/qt/stock/kline/get,45,fields2,"f51,f52,f53,f54,f55,f56,f57,f58,f59,f60,f61",15
push2his.eastmoney.com,/api/qt/stock/kline/get,45,fqt,0,30
push2his.eastmoney.com,/api/qt/stock/kline/get,45,fqt,1,15
push2his.eastmoney.com,/api/qt/stock/kline/get,45,iscca,1,15
push2his.eastmoney.com,/api/qt/stock/kline/get,45,klt,101,45
push2his.eastmoney.com,/api/qt/stock/kline/get,45,lmt,1,30
push2his.eastmoney.com,/api/qt/stock/kline/get,45,lmt,40,15
push2his.eastmoney.com,/api/qt/stock/kline/get,45,secid,0.002155,6
push2his.eastmoney.com,/api/qt/stock/kline/get,45,secid,0.002428,6
push2his.eastmoney.com,/api/qt/stock/kline/get,45,secid,0.000960,6
push2his.eastmoney.com,/api/qt/stock/kline/get,45,secid,1.601958,6
push2his.eastmoney.com,/api/qt/stock/kline/get,45,secid,0.000657,6
push2his.eastmoney.com,/api/qt/stock/kline/get,45,secid,100.SPX,5
push2his.eastmoney.com,/api/qt/stock/kline/get,45,secid,100.NDX100,5
push2his.eastmoney.com,/api/qt/stock/kline/get,45,secid,100.NDX,5
api.fund.eastmoney.com,/f10/lsjz,42,_,"[时间戳] 共31个不同值,范围 1787288168764~1787288171705",42
api.fund.eastmoney.com,/f10/lsjz,42,callback,jQuery,42
api.fund.eastmoney.com,/f10/lsjz,42,endDate,,42
api.fund.eastmoney.com,/f10/lsjz,42,fundCode,457001,2
api.fund.eastmoney.com,/f10/lsjz,42,fundCode,501312,2
api.fund.eastmoney.com,/f10/lsjz,42,fundCode,016664,2
api.fund.eastmoney.com,/f10/lsjz,42,fundCode,008253,2
api.fund.eastmoney.com,/f10/lsjz,42,fundCode,100055,2
api.fund.eastmoney.com,/f10/lsjz,42,fundCode,017091,2
api.fund.eastmoney.com,/f10/lsjz,42,fundCode,016701,2
api.fund.eastmoney.com,/f10/lsjz,42,fundCode,002891,2
api.fund.eastmoney.com,/f10/lsjz,42,fundCode,005698,2
api.fund.eastmoney.com,/f10/lsjz,42,fundCode,017144,2
api.fund.eastmoney.com,/f10/lsjz,42,fundCode,501226,2
api.fund.eastmoney.com,/f10/lsjz,42,fundCode,001668,2
api.fund.eastmoney.com,/f10/lsjz,42,fundCode,012920,2
api.fund.eastmoney.com,/f10/lsjz,42,fundCode,539002,2
api.fund.eastmoney.com,/f10/lsjz,42,fundCode,006373,2
api.fund.eastmoney.com,/f10/lsjz,42,fundCode,161128,2
api.fund.eastmoney.com,/f10/lsjz,42,fundCode,000043,2
api.fund.eastmoney.com,/f10/lsjz,42,fundCode,270023,2
api.fund.eastmoney.com,/f10/lsjz,42,fundCode,017436,2
api.fund.eastmoney.com,/f10/lsjz,42,fundCode,017730,2
api.fund.eastmoney.com,/f10/lsjz,42,fundCode,006555,2
api.fund.eastmoney.com,/f10/lsjz,42,pageIndex,1,42
api.fund.eastmoney.com,/f10/lsjz,42,pageSize,30,21
api.fund.eastmoney.com,/f10/lsjz,42,pageSize,20,21
api.fund.eastmoney.com,/f10/lsjz,42,startDate,,42
fundsuggest.eastmoney.com,/FundSearch/api/FundSearchAPI.ashx,42,key,457001,2
fundsuggest.eastmoney.com,/FundSearch/api/FundSearchAPI.ashx,42,key,100055,2
fundsuggest.eastmoney.com,/FundSearch/api/FundSearchAPI.ashx,42,key,016664,2
fundsuggest.eastmoney.com,/FundSearch/api/FundSearchAPI.ashx,42,key,017091,2
fundsuggest.eastmoney.com,/FundSearch/api/FundSearchAPI.ashx,42,key,008253,2
fundsuggest.eastmoney.com,/FundSearch/api/FundSearchAPI.ashx,42,key,017144,2
fundsuggest.eastmoney.com,/FundSearch/api/FundSearchAPI.ashx,42,key,501312,2
fundsuggest.eastmoney.com,/FundSearch/api/FundSearchAPI.ashx,42,key,002891,2
fundsuggest.eastmoney.com,/FundSearch/api/FundSearchAPI.ashx,42,key,539002,2
fundsuggest.eastmoney.com,/FundSearch/api/FundSearchAPI.ashx,42,key,016701,2
fundsuggest.eastmoney.com,/FundSearch/api/FundSearchAPI.ashx,42,key,001668,2
fundsuggest.eastmoney.com,/FundSearch/api/FundSearchAPI.ashx,42,key,501226,2
fundsuggest.eastmoney.com,/FundSearch/api/FundSearchAPI.ashx,42,key,005698,2
fundsuggest.eastmoney.com,/FundSearch/api/FundSearchAPI.ashx,42,key,161128,2
fundsuggest.eastmoney.com,/FundSearch/api/FundSearchAPI.ashx,42,key,000043,2
fundsuggest.eastmoney.com,/FundSearch/api/FundSearchAPI.ashx,42,key,270023,2
fundsuggest.eastmoney.com,/FundSearch/api/FundSearchAPI.ashx,42,key,017730,2
fundsuggest.eastmoney.com,/FundSearch/api/FundSearchAPI.ashx,42,key,006373,2
fundsuggest.eastmoney.com,/FundSearch/api/FundSearchAPI.ashx,42,key,017436,2
fundsuggest.eastmoney.com,/FundSearch/api/FundSearchAPI.ashx,42,key,012920,2
fundsuggest.eastmoney.com,/FundSearch/api/FundSearchAPI.ashx,42,key,006555,2
fundsuggest.eastmoney.com,/FundSearch/api/FundSearchAPI.ashx,42,m,1,42
hq.sinajs.cn,/list={codes},31,list(路径),f_000043,1
hq.sinajs.cn,/list={codes},31,list(路径),f_001668,1
hq.sinajs.cn,/list={codes},31,list(路径),f_002891,1
hq.sinajs.cn,/list={codes},31,list(路径),f_005698,1
hq.sinajs.cn,/list={codes},31,list(路径),f_006373,1
hq.sinajs.cn,/list={codes},31,list(路径),f_006555,1
hq.sinajs.cn,/list={codes},31,list(路径),f_008253,1
hq.sinajs.cn,/list={codes},31,list(路径),f_012920,1
hq.sinajs.cn,/list={codes},31,list(路径),f_016664,1
hq.sinajs.cn,/list={codes},31,list(路径),f_016701,1
hq.sinajs.cn,/list={codes},31,list(路径),f_017091,1
hq.sinajs.cn,/list={codes},31,list(路径),f_017144,1
hq.sinajs.cn,/list={codes},31,list(路径),f_017436,1
hq.sinajs.cn,/list={codes},31,list(路径),f_017730,1
hq.sinajs.cn,/list={codes},31,list(路径),f_100055,1
hq.sinajs.cn,/list={codes},31,list(路径),f_161128,1
hq.sinajs.cn,/list={codes},31,list(路径),f_270023,1
hq.sinajs.cn,/list={codes},31,list(路径),f_457001,1
hq.sinajs.cn,/list={codes},31,list(路径),f_501226,1
hq.sinajs.cn,/list={codes},31,list(路径),f_501312,1
hq.sinajs.cn,/list={codes},31,list(路径),f_539002,1
hq.sinajs.cn,/list={codes},31,list(路径),znb_KOSDAQ,5
hq.sinajs.cn,/list={codes},31,list(路径),znb_TOPIX,5
money.finance.sina.com.cn,/quotes_service/api/json_v2.php/CN_MarketData.getKLineData,30,datalen,40,30
money.finance.sina.com.cn,/quotes_service/api/json_v2.php/CN_MarketData.getKLineData,30,ma,no,30
money.finance.sina.com.cn,/quotes_service/api/json_v2.php/CN_MarketData.getKLineData,30,scale,240,30
money.finance.sina.com.cn,/quotes_service/api/json_v2.php/CN_MarketData.getKLineData,30,symbol,int_sp500,5
money.finance.sina.com.cn,/quotes_service/api/json_v2.php/CN_MarketData.getKLineData,30,symbol,int_nasdaq100,5
money.finance.sina.com.cn,/quotes_service/api/json_v2.php/CN_MarketData.getKLineData,30,symbol,int_nasdaq,5
money.finance.sina.com.cn,/quotes_service/api/json_v2.php/CN_MarketData.getKLineData,30,symbol,.INX,5
money.finance.sina.com.cn,/quotes_service/api/json_v2.php/CN_MarketData.getKLineData,30,symbol,.NDX,5
money.finance.sina.com.cn,/quotes_service/api/json_v2.php/CN_MarketData.getKLineData,30,symbol,.IXIC,5
82.push2his.eastmoney.com,/api/qt/stock/kline/get,15,_t,"[时间戳] 共14个不同值,范围 1787288145302~1787288169068",15
82.push2his.eastmoney.com,/api/qt/stock/kline/get,15,end,20500101,15
82.push2his.eastmoney.com,/api/qt/stock/kline/get,15,fields1,"f1,f2,f3,f4,f5,f6",15
82.push2his.eastmoney.com,/api/qt/stock/kline/get,15,fields2,"f51,f52,f53,f54,f55,f56,f57,f58,f59,f60,f61",15
82.push2his.eastmoney.com,/api/qt/stock/kline/get,15,fqt,1,15
82.push2his.eastmoney.com,/api/qt/stock/kline/get,15,iscca,1,15
82.push2his.eastmoney.com,/api/qt/stock/kline/get,15,klt,101,15
82.push2his.eastmoney.com,/api/qt/stock/kline/get,15,lmt,40,15
82.push2his.eastmoney.com,/api/qt/stock/kline/get,15,secid,100.SPX,5
82.push2his.eastmoney.com,/api/qt/stock/kline/get,15,secid,100.NDX,5
82.push2his.eastmoney.com,/api/qt/stock/kline/get,15,secid,100.NDX100,5
push2.eastmoney.com,/api/qt/stock/kline/get,15,_t,"[时间戳] 共12个不同值,范围 1787288148478~1787288169935",15
push2.eastmoney.com,/api/qt/stock/kline/get,15,end,20500101,15
push2.eastmoney.com,/api/qt/stock/kline/get,15,fields1,"f1,f2,f3,f4,f5,f6",15
push2.eastmoney.com,/api/qt/stock/kline/get,15,fields2,"f51,f52,f53,f54,f55,f56,f57,f58,f59,f60,f61",15
push2.eastmoney.com,/api/qt/stock/kline/get,15,fqt,1,15
push2.eastmoney.com,/api/qt/stock/kline/get,15,iscca,1,15
push2.eastmoney.com,/api/qt/stock/kline/get,15,klt,101,15
push2.eastmoney.com,/api/qt/stock/kline/get,15,lmt,40,15
push2.eastmoney.com,/api/qt/stock/kline/get,15,secid,100.SPX,5
push2.eastmoney.com,/api/qt/stock/kline/get,15,secid,100.NDX,5
push2.eastmoney.com,/api/qt/stock/kline/get,15,secid,100.NDX100,5
push2delay.eastmoney.com,/api/qt/stock/kline/get,15,_t,"[时间戳] 共12个不同值,范围 1787288149763~1787288170019",15
push2delay.eastmoney.com,/api/qt/stock/kline/get,15,end,20500101,15
push2delay.eastmoney.com,/api/qt/stock/kline/get,15,fields1,"f1,f2,f3,f4,f5,f6",15
push2delay.eastmoney.com,/api/qt/stock/kline/get,15,fields2,"f51,f52,f53,f54,f55,f56,f57,f58,f59,f60,f61",15
push2delay.eastmoney.com,/api/qt/stock/kline/get,15,fqt,1,15
push2delay.eastmoney.com,/api/qt/stock/kline/get,15,iscca,1,15
push2delay.eastmoney.com,/api/qt/stock/kline/get,15,klt,101,15
push2delay.eastmoney.com,/api/qt/stock/kline/get,15,lmt,40,15
push2delay.eastmoney.com,/api/qt/stock/kline/get,15,secid,100.SPX,5
push2delay.eastmoney.com,/api/qt/stock/kline/get,15,secid,100.NDX,5
push2delay.eastmoney.com,/api/qt/stock/kline/get,15,secid,100.NDX100,5
web.ifzq.gtimg.cn,/appstock/app/fqkline/get,15,param,"us.INX,day,,,25,qfq",5
web.ifzq.gtimg.cn,/appstock/app/fqkline/get,15,param,"us.NDX,day,,,25,qfq",5
web.ifzq.gtimg.cn,/appstock/app/fqkline/get,15,param,"us.IXIC,day,,,25,qfq",5
fund.eastmoney.com,/F10/FundArchivesDatas.aspx,9,code,501312,9
fund.eastmoney.com,/F10/FundArchivesDatas.aspx,9,month,,6
fund.eastmoney.com,/F10/FundArchivesDatas.aspx,9,topline,100,9
fund.eastmoney.com,/F10/FundArchivesDatas.aspx,9,type,jjcc,9
fund.eastmoney.com,/F10/FundArchivesDatas.aspx,9,year,2026,3
fund.eastmoney.com,/F10/FundArchivesDatas.aspx,9,year,2023,3
money.finance.sina.com.cn,/forex/api/jsonp.php/var _fx=/NewForexService.getDayKLine,5,symbol,USDCNH,5
push2.eastmoney.com,/api/qt/ulist.np/get,5,fields,"f12,f86,f124,f292",5
push2.eastmoney.com,/api/qt/ulist.np/get,5,fltt,2,5
push2.eastmoney.com,/api/qt/ulist.np/get,5,invt,2,5
push2.eastmoney.com,/api/qt/ulist.np/get,5,secids,"100.KS11,100.N225",5
