URL,Host,Path,出现次数,Status Codes,Content Types,Response Size Range,方法
"https://push2delay.eastmoney.com/api/qt/stock/get?fltt=2&invt=2&secid=103.ES00Y&fields=f43,f44,f45,f46,f47,f48,f50,f57,f58,f60,f86,f107,f152,f169,f170",push2delay.eastmoney.com,/api/qt/stock/get,122,['200'],['application/json; charset=UTF-8'],289~289,['GET']
"https://push2delay.eastmoney.com/api/qt/stock/get?fltt=2&invt=2&secid=103.NQ00Y&fields=f43,f44,f45,f46,f47,f48,f50,f57,f58,f60,f86,f107,f152,f169,f170",push2delay.eastmoney.com,/api/qt/stock/get,122,['200'],['application/json; charset=UTF-8'],295~297,['GET']
"https://push2delay.eastmoney.com/api/qt/stock/get?fltt=2&invt=2&secid=103.YM00Y&fields=f43,f44,f45,f46,f47,f48,f50,f57,f58,f60,f86,f107,f152,f169,f170",push2delay.eastmoney.com,/api/qt/stock/get,122,['200'],['application/json; charset=UTF-8'],296~296,['GET']
"https://push2delay.eastmoney.com/api/qt/stock/get?fltt=2&invt=2&secid=105.QQQ&fields=f43,f44,f45,f46,f47,f48,f50,f57,f58,f60,f86,f107,f152,f169,f170",push2delay.eastmoney.com,/api/qt/stock/get,122,['200'],['application/json; charset=UTF-8'],306~306,['GET']
"https://push2delay.eastmoney.com/api/qt/stock/get?fltt=2&invt=2&secid=105.SPY&fields=f43,f44,f45,f46,f47,f48,f50,f57,f58,f60,f86,f107,f152,f169,f170",push2delay.eastmoney.com,/api/qt/stock/get,122,['200'],['text/plain'],91~91,['GET']
"https://push2delay.eastmoney.com/api/qt/stock/get?fltt=2&invt=2&secid=133.USDCNH&fields=f43,f44,f45,f46,f47,f48,f50,f57,f58,f60,f86,f107,f152,f169,f170",push2delay.eastmoney.com,/api/qt/stock/get,106,['200'],['application/json; charset=UTF-8'],292~292,['GET']
"https://push2delay.eastmoney.com/api/qt/stock/get?fltt=2&invt=2&secid=100.KS11&fields=f43,f44,f45,f46,f47,f48,f50,f57,f58,f60,f86,f107,f152,f169,f170",push2delay.eastmoney.com,/api/qt/stock/get,70,['200'],['application/json; charset=UTF-8'],284~285,['GET']
"https://push2delay.eastmoney.com/api/qt/stock/get?fltt=2&invt=2&secid=100.N225&fields=f43,f44,f45,f46,f47,f48,f50,f57,f58,f60,f86,f107,f152,f169,f170",push2delay.eastmoney.com,/api/qt/stock/get,70,['200'],['application/json; charset=UTF-8'],285~285,['GET']
"https://push2delay.eastmoney.com/api/qt/stock/get?fltt=2&invt=2&secid=0.399006&fields=f43,f44,f45,f46,f47,f48,f50,f57,f58,f60,f86,f107,f152,f169,f170",push2delay.eastmoney.com,/api/qt/stock/get,65,['200'],['application/json; charset=UTF-8'],301~301,['GET']
"https://push2delay.eastmoney.com/api/qt/stock/get?fltt=2&invt=2&secid=0.399610&fields=f43,f44,f45,f46,f47,f48,f50,f57,f58,f60,f86,f107,f152,f169,f170",push2delay.eastmoney.com,/api/qt/stock/get,65,['200'],['application/json; charset=UTF-8'],299~299,['GET']
"https://push2delay.eastmoney.com/api/qt/stock/get?fltt=2&invt=2&secid=1.000300&fields=f43,f44,f45,f46,f47,f48,f50,f57,f58,f60,f86,f107,f152,f169,f170",push2delay.eastmoney.com,/api/qt/stock/get,65,['200'],['application/json; charset=UTF-8'],296~296,['GET']
"https://push2delay.eastmoney.com/api/qt/stock/get?fltt=2&invt=2&secid=1.000905&fields=f43,f44,f45,f46,f47,f48,f50,f57,f58,f60,f86,f107,f152,f169,f170",push2delay.eastmoney.com,/api/qt/stock/get,65,['200'],['application/json; charset=UTF-8'],294~294,['GET']
"https://push2delay.eastmoney.com/api/qt/stock/get?fltt=2&invt=2&secid=1.000941&fields=f43,f44,f45,f46,f47,f48,f50,f57,f58,f60,f86,f107,f152,f169,f170",push2delay.eastmoney.com,/api/qt/stock/get,65,['200'],['application/json; charset=UTF-8'],294~294,['GET']
"https://push2delay.eastmoney.com/api/qt/stock/get?fltt=2&invt=2&secid=100.HSCEI&fields=f43,f44,f45,f46,f47,f48,f50,f57,f58,f60,f86,f107,f152,f169,f170",push2delay.eastmoney.com,/api/qt/stock/get,65,['200'],['application/json; charset=UTF-8'],300~300,['GET']
"https://push2delay.eastmoney.com/api/qt/stock/get?fltt=2&invt=2&secid=100.HSI&fields=f43,f44,f45,f46,f47,f48,f50,f57,f58,f60,f86,f107,f152,f169,f170",push2delay.eastmoney.com,/api/qt/stock/get,65,['200'],['application/json; charset=UTF-8'],305~305,['GET']
"https://push2delay.eastmoney.com/api/qt/stock/get?fltt=2&invt=2&secid=100.NDX&fields=f43,f44,f45,f46,f47,f48,f50,f57,f58,f60,f86,f107,f152,f169,f170",push2delay.eastmoney.com,/api/qt/stock/get,65,['200'],['application/json; charset=UTF-8'],296~296,['GET']
"https://push2delay.eastmoney.com/api/qt/stock/get?fltt=2&invt=2&secid=100.TWII&fields=f43,f44,f45,f46,f47,f48,f50,f57,f58,f60,f86,f107,f152,f169,f170",push2delay.eastmoney.com,/api/qt/stock/get,65,['200'],['application/json; charset=UTF-8'],307~307,['GET']
"https://push2delay.eastmoney.com/api/qt/stock/get?fltt=2&invt=2&secid=124.HSTECH&fields=f43,f44,f45,f46,f47,f48,f50,f57,f58,f60,f86,f107,f152,f169,f170",push2delay.eastmoney.com,/api/qt/stock/get,65,['200'],['application/json; charset=UTF-8'],304~305,['GET']
https://qt.gtimg.cn/q=sh513050,qt.gtimg.cn,/q=sh513050,65,['200'],['text/html; charset=GBK'],553~553,['GET']
https://qt.gtimg.cn/q=sh513100,qt.gtimg.cn,/q=sh513100,65,['200'],['text/html; charset=GBK'],522~522,['GET']
https://qt.gtimg.cn/q=sz159605,qt.gtimg.cn,/q=sz159605,65,['200'],['text/html; charset=GBK'],521~521,['GET']
https://qt.gtimg.cn/q=sz159941,qt.gtimg.cn,/q=sz159941,65,['200'],['text/html; charset=GBK'],526~526,['GET']
https://qt.gtimg.cn/q=sz161128,qt.gtimg.cn,/q=sz161128,65,['200'],['text/html; charset=GBK'],470~470,['GET']
"https://qt.gtimg.cn/q=sh000001,sz399001,sz399006,sz000688",qt.gtimg.cn,"/q=sh000001,sz399001,sz399006,sz000688",58,['200'],['text/html; charset=GBK'],1898~1898,['GET']
https://fund.eastmoney.com/pingzhongdata/017436.js,fund.eastmoney.com,/pingzhongdata/017436.js,10,['200'],['application/javascript'],135453~135453,['GET']
https://qt.gtimg.cn/q=jp8035,qt.gtimg.cn,/q=jp8035,10,['200'],['text/html; charset=GBK'],226~226,['GET']
https://qt.gtimg.cn/q=kr005930,qt.gtimg.cn,/q=kr005930,10,['200'],['text/html; charset=GBK'],256~256,['GET']
https://fund.eastmoney.com/pingzhongdata/000043.js,fund.eastmoney.com,/pingzhongdata/000043.js,6,['200'],['application/javascript'],486015~486015,['GET']
https://fund.eastmoney.com/pingzhongdata/001668.js,fund.eastmoney.com,/pingzhongdata/001668.js,6,['200'],['application/javascript'],352349~352349,['GET']
https://fund.eastmoney.com/pingzhongdata/002891.js,fund.eastmoney.com,/pingzhongdata/002891.js,6,['200'],['application/javascript'],351813~351813,['GET']
https://fund.eastmoney.com/pingzhongdata/005698.js,fund.eastmoney.com,/pingzhongdata/005698.js,6,['200'],['application/javascript'],301758~301758,['GET']
https://fund.eastmoney.com/pingzhongdata/006373.js,fund.eastmoney.com,/pingzhongdata/006373.js,6,['200'],['application/javascript'],292341~292341,['GET']
https://fund.eastmoney.com/pingzhongdata/006555.js,fund.eastmoney.com,/pingzhongdata/006555.js,6,['200'],['application/javascript'],285312~285312,['GET']
https://fund.eastmoney.com/pingzhongdata/008253.js,fund.eastmoney.com,/pingzhongdata/008253.js,6,['200'],['application/javascript'],256176~256176,['GET']
https://fund.eastmoney.com/pingzhongdata/012920.js,fund.eastmoney.com,/pingzhongdata/012920.js,6,['200'],['application/javascript'],173959~173959,['GET']
https://fund.eastmoney.com/pingzhongdata/016664.js,fund.eastmoney.com,/pingzhongdata/016664.js,6,['200'],['application/javascript'],126098~126098,['GET']
https://fund.eastmoney.com/pingzhongdata/016701.js,fund.eastmoney.com,/pingzhongdata/016701.js,6,['200'],['application/javascript'],123988~123988,['GET']
https://fund.eastmoney.com/pingzhongdata/017091.js,fund.eastmoney.com,/pingzhongdata/017091.js,6,['200'],['application/javascript'],143769~143769,['GET']
https://fund.eastmoney.com/pingzhongdata/017144.js,fund.eastmoney.com,/pingzhongdata/017144.js,6,['200'],['application/javascript'],128102~128102,['GET']
https://fund.eastmoney.com/pingzhongdata/017730.js,fund.eastmoney.com,/pingzhongdata/017730.js,6,['200'],['application/javascript'],134045~134045,['GET']
https://fund.eastmoney.com/pingzhongdata/100055.js,fund.eastmoney.com,/pingzhongdata/100055.js,6,['200'],['application/javascript'],539214~539214,['GET']
https://fund.eastmoney.com/pingzhongdata/161128.js,fund.eastmoney.com,/pingzhongdata/161128.js,6,['200'],['application/javascript'],363365~363365,['GET']
https://fund.eastmoney.com/pingzhongdata/270023.js,fund.eastmoney.com,/pingzhongdata/270023.js,6,['200'],['application/javascript'],552272~552272,['GET']
https://fund.eastmoney.com/pingzhongdata/457001.js,fund.eastmoney.com,/pingzhongdata/457001.js,6,['200'],['application/javascript'],521784~521784,['GET']
https://fund.eastmoney.com/pingzhongdata/501226.js,fund.eastmoney.com,/pingzhongdata/501226.js,6,['200'],['application/javascript'],127266~127266,['GET']
https://fund.eastmoney.com/pingzhongdata/501312.js,fund.eastmoney.com,/pingzhongdata/501312.js,6,['200'],['application/javascript'],133180~133180,['GET']
https://fund.eastmoney.com/pingzhongdata/539002.js,fund.eastmoney.com,/pingzhongdata/539002.js,6,['200'],['application/javascript'],511833~511833,['GET']
"https://push2delay.eastmoney.com/api/qt/ulist.np/get?&ut=fa5fd1943c7b386f172d6893dbfba10b&invt=2&fltt=2&secids=90.BK1134,90.BK1128,90.BK0917,90.BK1137,90.BK0922,90.BK0579,90.BK0963,90.BK0921,90.BK1090,90.BK0802,90.BK0577,90.BK1647,90.BK0490,90.BK0493,90.BK0588,90.BK0574,90.BK0464,90.BK0843,90.BK0478,90.BK0547,90.BK0475,90.BK1216,90.BK0438,90.BK0578,90.BK1106,90.BK0710,90.BK0968,90.BK1646,90.BK1166,90.BK0668&fields=f12,f13,f3",push2delay.eastmoney.com,/api/qt/ulist.np/get,6,['200'],['application/json; charset=UTF-8'],1193~1193,['GET']
https://fundmobapi.eastmoney.com/FundMNewApi/FundMNInverstPosition?product=EFund&plat=Iphone&deviceid=efundlite&version=6.5.5&appType=ttjj&MobileKey=efundlite&FCODE=017436,fundmobapi.eastmoney.com,/FundMNewApi/FundMNInverstPosition,5,['200'],['application/json; charset=utf-8'],1965~1965,['GET']
https://hq.sinajs.cn/list=znb_KOSDAQ,hq.sinajs.cn,/list=znb_KOSDAQ,5,['200'],['application/javascript; charset=GB18030'],139~139,['GET']
https://hq.sinajs.cn/list=znb_TOPIX,hq.sinajs.cn,/list=znb_TOPIX,5,['200'],['application/javascript; charset=GB18030'],121~121,['GET']
https://money.finance.sina.com.cn/forex/api/jsonp.php/var%20_fx=/NewForexService.getDayKLine?symbol=USDCNH,money.finance.sina.com.cn,/forex/api/jsonp.php/var%20_fx=/NewForexService.getDayKLine,5,['200'],['application/javascript; charset=gbk'],135316~135316,['GET']
https://money.finance.sina.com.cn/quotes_service/api/json_v2.php/CN_MarketData.getKLineData?symbol=.INX&scale=240&ma=no&datalen=40,money.finance.sina.com.cn,/quotes_service/api/json_v2.php/CN_MarketData.getKLineData,5,['200'],['application/json; charset=gbk'],4~4,['GET']
https://money.finance.sina.com.cn/quotes_service/api/json_v2.php/CN_MarketData.getKLineData?symbol=.IXIC&scale=240&ma=no&datalen=40,money.finance.sina.com.cn,/quotes_service/api/json_v2.php/CN_MarketData.getKLineData,5,['200'],['application/json; charset=gbk'],4~4,['GET']
https://money.finance.sina.com.cn/quotes_service/api/json_v2.php/CN_MarketData.getKLineData?symbol=.NDX&scale=240&ma=no&datalen=40,money.finance.sina.com.cn,/quotes_service/api/json_v2.php/CN_MarketData.getKLineData,5,['200'],['application/json; charset=gbk'],4~4,['GET']
https://money.finance.sina.com.cn/quotes_service/api/json_v2.php/CN_MarketData.getKLineData?symbol=int_nasdaq&scale=240&ma=no&datalen=40,money.finance.sina.com.cn,/quotes_service/api/json_v2.php/CN_MarketData.getKLineData,5,['200'],['application/json; charset=gbk'],4~4,['GET']
https://money.finance.sina.com.cn/quotes_service/api/json_v2.php/CN_MarketData.getKLineData?symbol=int_nasdaq100&scale=240&ma=no&datalen=40,money.finance.sina.com.cn,/quotes_service/api/json_v2.php/CN_MarketData.getKLineData,5,['200'],['application/json; charset=gbk'],4~4,['GET']
https://money.finance.sina.com.cn/quotes_service/api/json_v2.php/CN_MarketData.getKLineData?symbol=int_sp500&scale=240&ma=no&datalen=40,money.finance.sina.com.cn,/quotes_service/api/json_v2.php/CN_MarketData.getKLineData,5,['200'],['application/json; charset=gbk'],4~4,['GET']
"https://push2.eastmoney.com/api/qt/ulist.np/get?fltt=2&invt=2&fields=f12,f86,f124,f292&secids=100.KS11,100.N225",push2.eastmoney.com,/api/qt/ulist.np/get,5,['200'],['application/json; charset=UTF-8'],202~202,['GET']
"https://push2delay.eastmoney.com/api/qt/stock/get?fltt=2&invt=2&secid=100.SENSEX&fields=f43,f44,f45,f46,f47,f48,f50,f57,f58,f60,f86,f107,f152,f169,f170",push2delay.eastmoney.com,/api/qt/stock/get,5,['200'],['application/json; charset=UTF-8'],291~292,['GET']
"https://push2delay.eastmoney.com/api/qt/stock/get?fltt=2&invt=2&secid=100.UDI&fields=f43,f44,f45,f46,f47,f48,f50,f57,f58,f60,f86,f107,f152,f169,f170",push2delay.eastmoney.com,/api/qt/stock/get,5,['200'],['application/json; charset=UTF-8'],270~270,['GET']
"https://push2delay.eastmoney.com/api/qt/stock/get?fltt=2&invt=2&secid=100.VNINDEX&fields=f43,f44,f45,f46,f47,f48,f50,f57,f58,f60,f86,f107,f152,f169,f170",push2delay.eastmoney.com,/api/qt/stock/get,5,['200'],['application/json; charset=UTF-8'],293~293,['GET']
"https://push2delay.eastmoney.com/api/qt/stock/get?fltt=2&invt=2&secid=107.BNO&fields=f43,f44,f45,f46,f47,f48,f50,f57,f58,f60,f86,f107,f152,f169,f170",push2delay.eastmoney.com,/api/qt/stock/get,5,['200'],['application/json; charset=UTF-8'],297~297,['GET']
"https://push2delay.eastmoney.com/api/qt/stock/get?fltt=2&invt=2&secid=107.CPER&fields=f43,f44,f45,f46,f47,f48,f50,f57,f58,f60,f86,f107,f152,f169,f170",push2delay.eastmoney.com,/api/qt/stock/get,5,['200'],['application/json; charset=UTF-8'],303~303,['GET']
"https://push2delay.eastmoney.com/api/qt/stock/get?fltt=2&invt=2&secid=107.GLD&fields=f43,f44,f45,f46,f47,f48,f50,f57,f58,f60,f86,f107,f152,f169,f170",push2delay.eastmoney.com,/api/qt/stock/get,5,['200'],['application/json; charset=UTF-8'],292~292,['GET']
"https://push2delay.eastmoney.com/api/qt/stock/get?fltt=2&invt=2&secid=107.SLV&fields=f43,f44,f45,f46,f47,f48,f50,f57,f58,f60,f86,f107,f152,f169,f170",push2delay.eastmoney.com,/api/qt/stock/get,5,['200'],['application/json; charset=UTF-8'],290~290,['GET']
"https://push2delay.eastmoney.com/api/qt/stock/get?fltt=2&invt=2&secid=107.TLT&fields=f43,f44,f45,f46,f47,f48,f50,f57,f58,f60,f86,f107,f152,f169,f170",push2delay.eastmoney.com,/api/qt/stock/get,5,['200'],['text/plain'],91~91,['GET']
"https://push2delay.eastmoney.com/api/qt/stock/get?fltt=2&invt=2&secid=107.UNG&fields=f43,f44,f45,f46,f47,f48,f50,f57,f58,f60,f86,f107,f152,f169,f170",push2delay.eastmoney.com,/api/qt/stock/get,5,['200'],['application/json; charset=UTF-8'],287~287,['GET']
"https://push2delay.eastmoney.com/api/qt/stock/get?fltt=2&invt=2&secid=107.VIXY&fields=f43,f44,f45,f46,f47,f48,f50,f57,f58,f60,f86,f107,f152,f169,f170",push2delay.eastmoney.com,/api/qt/stock/get,5,['200'],['application/json; charset=UTF-8'],305~305,['GET']
"https://push2delay.eastmoney.com/api/qt/ulist.np/get?&ut=fa5fd1943c7b386f172d6893dbfba10b&invt=2&fltt=2&secids=105.NVDA,105.MRVL,105.AAPL,105.MSFT,105.NFLX,105.AVGO,105.TSLA,105.META,105.AMZN,105.SMCI&fields=f12,f13,f3",push2delay.eastmoney.com,/api/qt/ulist.np/get,5,['200'],['application/json; charset=UTF-8'],464~464,['GET']
https://qt.gtimg.cn/q=jp4063,qt.gtimg.cn,/q=jp4063,5,['200'],['text/html; charset=GBK'],232~232,['GET']
https://qt.gtimg.cn/q=jp6758,qt.gtimg.cn,/q=jp6758,5,['200'],['text/html; charset=GBK'],220~220,['GET']
https://qt.gtimg.cn/q=jp6861,qt.gtimg.cn,/q=jp6861,5,['200'],['text/html; charset=GBK'],220~220,['GET']
https://qt.gtimg.cn/q=jp6954,qt.gtimg.cn,/q=jp6954,5,['200'],['text/html; charset=GBK'],209~209,['GET']
https://qt.gtimg.cn/q=jp7203,qt.gtimg.cn,/q=jp7203,5,['200'],['text/html; charset=GBK'],212~212,['GET']
https://qt.gtimg.cn/q=jp7974,qt.gtimg.cn,/q=jp7974,5,['200'],['text/html; charset=GBK'],213~213,['GET']
https://qt.gtimg.cn/q=jp8306,qt.gtimg.cn,/q=jp8306,5,['200'],['text/html; charset=GBK'],248~248,['GET']
https://qt.gtimg.cn/q=jp9983,qt.gtimg.cn,/q=jp9983,5,['200'],['text/html; charset=GBK'],231~231,['GET']
https://qt.gtimg.cn/q=jp9984,qt.gtimg.cn,/q=jp9984,5,['200'],['text/html; charset=GBK'],219~219,['GET']
https://qt.gtimg.cn/q=kr000660,qt.gtimg.cn,/q=kr000660,5,['200'],['text/html; charset=GBK'],230~230,['GET']
https://qt.gtimg.cn/q=kr005380,qt.gtimg.cn,/q=kr005380,5,['200'],['text/html; charset=GBK'],234~234,['GET']
https://qt.gtimg.cn/q=kr009540,qt.gtimg.cn,/q=kr009540,5,['200'],['text/html; charset=GBK'],296~296,['GET']
https://qt.gtimg.cn/q=kr035420,qt.gtimg.cn,/q=kr035420,5,['200'],['text/html; charset=GBK'],226~226,['GET']
https://qt.gtimg.cn/q=kr051910,qt.gtimg.cn,/q=kr051910,5,['200'],['text/html; charset=GBK'],218~218,['GET']
https://qt.gtimg.cn/q=kr066570,qt.gtimg.cn,/q=kr066570,5,['200'],['text/html; charset=GBK'],232~232,['GET']
https://qt.gtimg.cn/q=kr068270,qt.gtimg.cn,/q=kr068270,5,['200'],['text/html; charset=GBK'],228~228,['GET']
https://qt.gtimg.cn/q=kr105560,qt.gtimg.cn,/q=kr105560,5,['200'],['text/html; charset=GBK'],239~239,['GET']
https://qt.gtimg.cn/q=kr373220,qt.gtimg.cn,/q=kr373220,5,['200'],['text/html; charset=GBK'],243~243,['GET']
https://web.ifzq.gtimg.cn/appstock/app/fqkline/get?param=us.INX%2Cday%2C%2C%2C25%2Cqfq,web.ifzq.gtimg.cn,/appstock/app/fqkline/get,5,['200'],['text/html; charset=UTF-8'],3381~3381,['GET']
https://web.ifzq.gtimg.cn/appstock/app/fqkline/get?param=us.IXIC%2Cday%2C%2C%2C25%2Cqfq,web.ifzq.gtimg.cn,/appstock/app/fqkline/get,5,['200'],['text/html; charset=UTF-8'],3498~3498,['GET']
https://web.ifzq.gtimg.cn/appstock/app/fqkline/get?param=us.NDX%2Cday%2C%2C%2C25%2Cqfq,web.ifzq.gtimg.cn,/appstock/app/fqkline/get,5,['200'],['text/html; charset=UTF-8'],3568~3568,['GET']
https://fund.eastmoney.com/F10/FundArchivesDatas.aspx?type=jjcc&code=501312&topline=100,fund.eastmoney.com,/F10/FundArchivesDatas.aspx,3,['200'],['text/html; charset=utf-8'],1563~1563,['GET']
https://fund.eastmoney.com/F10/FundArchivesDatas.aspx?type=jjcc&code=501312&topline=100&year=2023&month=,fund.eastmoney.com,/F10/FundArchivesDatas.aspx,3,['200'],['text/html; charset=utf-8'],1563~1563,['GET']
https://fund.eastmoney.com/F10/FundArchivesDatas.aspx?type=jjcc&code=501312&topline=100&year=2026&month=,fund.eastmoney.com,/F10/FundArchivesDatas.aspx,3,['200'],['text/html; charset=utf-8'],54~54,['GET']
https://fundmobapi.eastmoney.com/FundMNewApi/FundMNInverstPosition?product=EFund&plat=Iphone&deviceid=efundlite&version=6.5.5&appType=ttjj&MobileKey=efundlite&FCODE=000043,fundmobapi.eastmoney.com,/FundMNewApi/FundMNInverstPosition,3,['200'],['application/json; charset=utf-8'],1949~1949,['GET']
https://fundmobapi.eastmoney.com/FundMNewApi/FundMNInverstPosition?product=EFund&plat=Iphone&deviceid=efundlite&version=6.5.5&appType=ttjj&MobileKey=efundlite&FCODE=001668,fundmobapi.eastmoney.com,/FundMNewApi/FundMNInverstPosition,3,['200'],['application/json; charset=utf-8'],1953~1953,['GET']
https://fundmobapi.eastmoney.com/FundMNewApi/FundMNInverstPosition?product=EFund&plat=Iphone&deviceid=efundlite&version=6.5.5&appType=ttjj&MobileKey=efundlite&FCODE=002891,fundmobapi.eastmoney.com,/FundMNewApi/FundMNInverstPosition,3,['200'],['application/json; charset=utf-8'],1980~1980,['GET']
https://fundmobapi.eastmoney.com/FundMNewApi/FundMNInverstPosition?product=EFund&plat=Iphone&deviceid=efundlite&version=6.5.5&appType=ttjj&MobileKey=efundlite&FCODE=005698,fundmobapi.eastmoney.com,/FundMNewApi/FundMNInverstPosition,3,['200'],['application/json; charset=utf-8'],2053~2053,['GET']
https://fundmobapi.eastmoney.com/FundMNewApi/FundMNInverstPosition?product=EFund&plat=Iphone&deviceid=efundlite&version=6.5.5&appType=ttjj&MobileKey=efundlite&FCODE=006373,fundmobapi.eastmoney.com,/FundMNewApi/FundMNInverstPosition,3,['200'],['application/json; charset=utf-8'],2158~2158,['GET']
https://fundmobapi.eastmoney.com/FundMNewApi/FundMNInverstPosition?product=EFund&plat=Iphone&deviceid=efundlite&version=6.5.5&appType=ttjj&MobileKey=efundlite&FCODE=006555,fundmobapi.eastmoney.com,/FundMNewApi/FundMNInverstPosition,3,['200'],['application/json; charset=utf-8'],2045~2045,['GET']
https://fundmobapi.eastmoney.com/FundMNewApi/FundMNInverstPosition?product=EFund&plat=Iphone&deviceid=efundlite&version=6.5.5&appType=ttjj&MobileKey=efundlite&FCODE=008253,fundmobapi.eastmoney.com,/FundMNewApi/FundMNInverstPosition,3,['200'],['application/json; charset=utf-8'],1967~1967,['GET']
https://fundmobapi.eastmoney.com/FundMNewApi/FundMNInverstPosition?product=EFund&plat=Iphone&deviceid=efundlite&version=6.5.5&appType=ttjj&MobileKey=efundlite&FCODE=012920,fundmobapi.eastmoney.com,/FundMNewApi/FundMNInverstPosition,3,['200'],['application/json; charset=utf-8'],1974~1974,['GET']
https://fundmobapi.eastmoney.com/FundMNewApi/FundMNInverstPosition?product=EFund&plat=Iphone&deviceid=efundlite&version=6.5.5&appType=ttjj&MobileKey=efundlite&FCODE=016664,fundmobapi.eastmoney.com,/FundMNewApi/FundMNInverstPosition,3,['200'],['application/json; charset=utf-8'],2087~2087,['GET']
https://fundmobapi.eastmoney.com/FundMNewApi/FundMNInverstPosition?product=EFund&plat=Iphone&deviceid=efundlite&version=6.5.5&appType=ttjj&MobileKey=efundlite&FCODE=016701,fundmobapi.eastmoney.com,/FundMNewApi/FundMNInverstPosition,3,['200'],['application/json; charset=utf-8'],1951~1951,['GET']
https://fundmobapi.eastmoney.com/FundMNewApi/FundMNInverstPosition?product=EFund&plat=Iphone&deviceid=efundlite&version=6.5.5&appType=ttjj&MobileKey=efundlite&FCODE=017091,fundmobapi.eastmoney.com,/FundMNewApi/FundMNInverstPosition,3,['200'],['application/json; charset=utf-8'],265~265,['GET']
https://fundmobapi.eastmoney.com/FundMNewApi/FundMNInverstPosition?product=EFund&plat=Iphone&deviceid=efundlite&version=6.5.5&appType=ttjj&MobileKey=efundlite&FCODE=017144,fundmobapi.eastmoney.com,/FundMNewApi/FundMNInverstPosition,3,['200'],['application/json; charset=utf-8'],1991~1991,['GET']
https://fundmobapi.eastmoney.com/FundMNewApi/FundMNInverstPosition?product=EFund&plat=Iphone&deviceid=efundlite&version=6.5.5&appType=ttjj&MobileKey=efundlite&FCODE=017730,fundmobapi.eastmoney.com,/FundMNewApi/FundMNInverstPosition,3,['200'],['application/json; charset=utf-8'],2272~2272,['GET']
https://fundmobapi.eastmoney.com/FundMNewApi/FundMNInverstPosition?product=EFund&plat=Iphone&deviceid=efundlite&version=6.5.5&appType=ttjj&MobileKey=efundlite&FCODE=100055,fundmobapi.eastmoney.com,/FundMNewApi/FundMNInverstPosition,3,['200'],['application/json; charset=utf-8'],1973~1973,['GET']
https://fundmobapi.eastmoney.com/FundMNewApi/FundMNInverstPosition?product=EFund&plat=Iphone&deviceid=efundlite&version=6.5.5&appType=ttjj&MobileKey=efundlite&FCODE=159509,fundmobapi.eastmoney.com,/FundMNewApi/FundMNInverstPosition,3,['200'],['application/json; charset=utf-8'],2028~2028,['GET']
https://fundmobapi.eastmoney.com/FundMNewApi/FundMNInverstPosition?product=EFund&plat=Iphone&deviceid=efundlite&version=6.5.5&appType=ttjj&MobileKey=efundlite&FCODE=161128,fundmobapi.eastmoney.com,/FundMNewApi/FundMNInverstPosition,3,['200'],['application/json; charset=utf-8'],2094~2094,['GET']
https://fundmobapi.eastmoney.com/FundMNewApi/FundMNInverstPosition?product=EFund&plat=Iphone&deviceid=efundlite&version=6.5.5&appType=ttjj&MobileKey=efundlite&FCODE=270023,fundmobapi.eastmoney.com,/FundMNewApi/FundMNInverstPosition,3,['200'],['application/json; charset=utf-8'],2035~2035,['GET']
https://fundmobapi.eastmoney.com/FundMNewApi/FundMNInverstPosition?product=EFund&plat=Iphone&deviceid=efundlite&version=6.5.5&appType=ttjj&MobileKey=efundlite&FCODE=457001,fundmobapi.eastmoney.com,/FundMNewApi/FundMNInverstPosition,3,['200'],['application/json; charset=utf-8'],2132~2132,['GET']
https://fundmobapi.eastmoney.com/FundMNewApi/FundMNInverstPosition?product=EFund&plat=Iphone&deviceid=efundlite&version=6.5.5&appType=ttjj&MobileKey=efundlite&FCODE=501226,fundmobapi.eastmoney.com,/FundMNewApi/FundMNInverstPosition,3,['200'],['application/json; charset=utf-8'],1948~1948,['GET']
https://fundmobapi.eastmoney.com/FundMNewApi/FundMNInverstPosition?product=EFund&plat=Iphone&deviceid=efundlite&version=6.5.5&appType=ttjj&MobileKey=efundlite&FCODE=501312,fundmobapi.eastmoney.com,/FundMNewApi/FundMNInverstPosition,3,['200'],['application/json; charset=utf-8'],242~242,['GET']
https://fundmobapi.eastmoney.com/FundMNewApi/FundMNInverstPosition?product=EFund&plat=Iphone&deviceid=efundlite&version=6.5.5&appType=ttjj&MobileKey=efundlite&FCODE=539002,fundmobapi.eastmoney.com,/FundMNewApi/FundMNInverstPosition,3,['200'],['application/json; charset=utf-8'],1968~1968,['GET']
"https://push2delay.eastmoney.com/api/qt/ulist.np/get?&ut=fa5fd1943c7b386f172d6893dbfba10b&invt=2&fltt=2&secids=105.AAPL,105.NVDA,105.GOOGL,105.AVGO,105.MSFT,105.AMZN,105.WDC,105.LRCX,106.LLY,105.TSLA&fields=f12,f13,f3",push2delay.eastmoney.com,/api/qt/ulist.np/get,3,['200'],['application/json; charset=UTF-8'],463~463,['GET']
"https://push2delay.eastmoney.com/api/qt/ulist.np/get?&ut=fa5fd1943c7b386f172d6893dbfba10b&invt=2&fltt=2&secids=105.AMD,105.MU,105.KLAC,1.688498,105.MPWR,106.TSM,1.688361,1.688256,105.AVGO,116.03986&fields=f12,f13,f3",push2delay.eastmoney.com,/api/qt/ulist.np/get,3,['200'],['application/json; charset=UTF-8'],455~455,['GET']
"https://push2delay.eastmoney.com/api/qt/ulist.np/get?&ut=fa5fd1943c7b386f172d6893dbfba10b&invt=2&fltt=2&secids=105.LRCX,106.TSM,105.AMD,0.300502,0.300308,105.SNDK,105.INTC,1.688498,105.ASML&fields=f12,f13,f3",push2delay.eastmoney.com,/api/qt/ulist.np/get,3,['200'],['application/json; charset=UTF-8'],421~421,['GET']
"https://push2delay.eastmoney.com/api/qt/ulist.np/get?&ut=fa5fd1943c7b386f172d6893dbfba10b&invt=2&fltt=2&secids=105.MRVL,105.TSLA,106.NIO,105.RIVN,106.RACE,105.PONY,105.AMD,105.MU,116.03750,105.AVGO&fields=f12,f13,f3",push2delay.eastmoney.com,/api/qt/ulist.np/get,3,['200'],['application/json; charset=UTF-8'],456~456,['GET']
"https://push2delay.eastmoney.com/api/qt/ulist.np/get?&ut=fa5fd1943c7b386f172d6893dbfba10b&invt=2&fltt=2&secids=105.MU,105.SNDK,106.ONTO,105.AMD,105.INTC,105.LITE,106.TSM,106.STM,105.ALAB&fields=f12,f13,f3",push2delay.eastmoney.com,/api/qt/ulist.np/get,3,['200'],['application/json; charset=UTF-8'],419~419,['GET']
"https://push2delay.eastmoney.com/api/qt/ulist.np/get?&ut=fa5fd1943c7b386f172d6893dbfba10b&invt=2&fltt=2&secids=105.NVDA,105.AAPL,105.MSFT,105.AVGO,105.MU,105.AMD,105.INTC,105.AMAT,105.LRCX,105.CSCO&fields=f12,f13,f3",push2delay.eastmoney.com,/api/qt/ulist.np/get,3,['200'],['application/json; charset=UTF-8'],459~459,['GET']
"https://push2delay.eastmoney.com/api/qt/ulist.np/get?&ut=fa5fd1943c7b386f172d6893dbfba10b&invt=2&fltt=2&secids=105.NVDA,105.AAPL,105.MSFT,105.GOOGL,105.GOOG,105.AVGO,105.MU,105.META,105.AMD,105.INTC&fields=f12,f13,f3",push2delay.eastmoney.com,/api/qt/ulist.np/get,3,['200'],['application/json; charset=UTF-8'],462~462,['GET']
"https://push2delay.eastmoney.com/api/qt/ulist.np/get?&ut=fa5fd1943c7b386f172d6893dbfba10b&invt=2&fltt=2&secids=105.NVDA,105.GOOGL,105.AAPL,105.MU,105.AMD,105.INTC,105.AMZN,105.MSFT,105.AVGO,106.TSM&fields=f12,f13,f3",push2delay.eastmoney.com,/api/qt/ulist.np/get,3,['200'],['application/json; charset=UTF-8'],460~460,['GET']
"https://push2delay.eastmoney.com/api/qt/ulist.np/get?&ut=fa5fd1943c7b386f172d6893dbfba10b&invt=2&fltt=2&secids=105.NVDA,105.GOOGL,105.MU,105.AMZN,105.AAPL,105.AMD,105.MSFT,106.TSM,105.AVGO,105.INTC&fields=f12,f13,f3",push2delay.eastmoney.com,/api/qt/ulist.np/get,3,['200'],['application/json; charset=UTF-8'],460~460,['GET']
"https://push2delay.eastmoney.com/api/qt/ulist.np/get?&ut=fa5fd1943c7b386f172d6893dbfba10b&invt=2&fltt=2&secids=105.NVDA.US&fields=f12,f13,f3",push2delay.eastmoney.com,/api/qt/ulist.np/get,3,['200'],['text/plain'],91~91,['GET']
"https://push2delay.eastmoney.com/api/qt/ulist.np/get?&ut=fa5fd1943c7b386f172d6893dbfba10b&invt=2&fltt=2&secids=105.SNDK,105.MU,105.INTC,105.WDC,105.AMD,106.COHR,105.TER&fields=f12,f13,f3",push2delay.eastmoney.com,/api/qt/ulist.np/get,3,['200'],['application/json; charset=UTF-8'],347~347,['GET']
"https://push2delay.eastmoney.com/api/qt/ulist.np/get?&ut=fa5fd1943c7b386f172d6893dbfba10b&invt=2&fltt=2&secids=105.SNDK,105.MU,105.LRCX,106.TSM,105.MKSI,105.AMAT,105.ASML,105.AMD,105.NBIS,105.NVDA&fields=f12,f13,f3",push2delay.eastmoney.com,/api/qt/ulist.np/get,3,['200'],['application/json; charset=UTF-8'],455~455,['GET']
"https://push2delay.eastmoney.com/api/qt/ulist.np/get?&ut=fa5fd1943c7b386f172d6893dbfba10b&invt=2&fltt=2&secids=105.SNDK,105.MU,105.MRVL,106.TSM,105.LITE,106.UMC,105.STX,105.WDC,116.01888,116.00522&fields=f12,f13,f3",push2delay.eastmoney.com,/api/qt/ulist.np/get,3,['200'],['application/json; charset=UTF-8'],455~455,['GET']
"https://push2delay.eastmoney.com/api/qt/ulist.np/get?&ut=fa5fd1943c7b386f172d6893dbfba10b&invt=2&fltt=2&secids=106.TSM,105.ASML,116.09988&fields=f12,f13,f3",push2delay.eastmoney.com,/api/qt/ulist.np/get,3,['200'],['application/json; charset=UTF-8'],213~213,['GET']
"https://push2delay.eastmoney.com/api/qt/ulist.np/get?&ut=fa5fd1943c7b386f172d6893dbfba10b&invt=2&fltt=2&secids=106.TSM,105.MU,105.AVGO,105.KLAC,105.LRCX,105.SNDK,105.ASML,105.GOOGL,105.AMZN,105.NVDA&fields=f12,f13,f3",push2delay.eastmoney.com,/api/qt/ulist.np/get,3,['200'],['application/json; charset=UTF-8'],460~460,['GET']
"https://push2delay.eastmoney.com/api/qt/ulist.np/get?&ut=fa5fd1943c7b386f172d6893dbfba10b&invt=2&fltt=2&secids=106.TSM,105.NVDA,105.SNDK,105.AVGO,105.WDC,105.MU,105.LITE,106.GLW&fields=f12,f13,f3",push2delay.eastmoney.com,/api/qt/ulist.np/get,3,['200'],['application/json; charset=UTF-8'],383~383,['GET']
"https://push2delay.eastmoney.com/api/qt/ulist.np/get?&ut=fa5fd1943c7b386f172d6893dbfba10b&invt=2&fltt=2&secids=116.00522,1.603986,105.SNDK,1.600183,105.MU,105.STX,105.WDC&fields=f12,f13,f3",push2delay.eastmoney.com,/api/qt/ulist.np/get,3,['200'],['application/json; charset=UTF-8'],349~349,['GET']
"https://push2delay.eastmoney.com/api/qt/ulist.np/get?&ut=fa5fd1943c7b386f172d6893dbfba10b&invt=2&fltt=2&secids=116.02476,0.300308,105.NVDA,106.TSM,116.01347,106.GLW,0.002384,1.688498&fields=f12,f13,f3",push2delay.eastmoney.com,/api/qt/ulist.np/get,3,['200'],['application/json; charset=UTF-8'],388~388,['GET']
"https://push2delay.eastmoney.com/api/qt/ulist.np/get?&ut=fa5fd1943c7b386f172d6893dbfba10b&invt=2&fltt=2&secids=116.02513,105.MU,105.LRCX,105.ASML,105.SNDK,105.AMD,105.AMAT,105.GOOG,0.300408&fields=f12,f13,f3",push2delay.eastmoney.com,/api/qt/ulist.np/get,3,['200'],['application/json; charset=UTF-8'],422~422,['GET']
https://fundsuggest.eastmoney.com/FundSearch/api/FundSearchAPI.ashx?m=1&key=000043,fundsuggest.eastmoney.com,/FundSearch/api/FundSearchAPI.ashx,2,['200'],['text/plain; charset=utf-8'],1483~1483,['GET']
https://fundsuggest.eastmoney.com/FundSearch/api/FundSearchAPI.ashx?m=1&key=001668,fundsuggest.eastmoney.com,/FundSearch/api/FundSearchAPI.ashx,2,['200'],['text/plain; charset=utf-8'],1346~1346,['GET']
https://fundsuggest.eastmoney.com/FundSearch/api/FundSearchAPI.ashx?m=1&key=002891,fundsuggest.eastmoney.com,/FundSearch/api/FundSearchAPI.ashx,2,['200'],['text/plain; charset=utf-8'],1768~1768,['GET']
https://fundsuggest.eastmoney.com/FundSearch/api/FundSearchAPI.ashx?m=1&key=005698,fundsuggest.eastmoney.com,/FundSearch/api/FundSearchAPI.ashx,2,['200'],['text/plain; charset=utf-8'],1119~1119,['GET']
https://fundsuggest.eastmoney.com/FundSearch/api/FundSearchAPI.ashx?m=1&key=006373,fundsuggest.eastmoney.com,/FundSearch/api/FundSearchAPI.ashx,2,['200'],['text/plain; charset=utf-8'],1186~1186,['GET']
https://fundsuggest.eastmoney.com/FundSearch/api/FundSearchAPI.ashx?m=1&key=006555,fundsuggest.eastmoney.com,/FundSearch/api/FundSearchAPI.ashx,2,['200'],['text/plain; charset=utf-8'],1159~1159,['GET']
https://fundsuggest.eastmoney.com/FundSearch/api/FundSearchAPI.ashx?m=1&key=008253,fundsuggest.eastmoney.com,/FundSearch/api/FundSearchAPI.ashx,2,['200'],['text/plain; charset=utf-8'],957~957,['GET']
https://fundsuggest.eastmoney.com/FundSearch/api/FundSearchAPI.ashx?m=1&key=012920,fundsuggest.eastmoney.com,/FundSearch/api/FundSearchAPI.ashx,2,['200'],['text/plain; charset=utf-8'],1221~1221,['GET']
https://fundsuggest.eastmoney.com/FundSearch/api/FundSearchAPI.ashx?m=1&key=016664,fundsuggest.eastmoney.com,/FundSearch/api/FundSearchAPI.ashx,2,['200'],['text/plain; charset=utf-8'],986~986,['GET']
https://fundsuggest.eastmoney.com/FundSearch/api/FundSearchAPI.ashx?m=1&key=016701,fundsuggest.eastmoney.com,/FundSearch/api/FundSearchAPI.ashx,2,['200'],['text/plain; charset=utf-8'],1075~1075,['GET']
https://fundsuggest.eastmoney.com/FundSearch/api/FundSearchAPI.ashx?m=1&key=017091,fundsuggest.eastmoney.com,/FundSearch/api/FundSearchAPI.ashx,2,['200'],['text/plain; charset=utf-8'],1180~1180,['GET']
https://fundsuggest.eastmoney.com/FundSearch/api/FundSearchAPI.ashx?m=1&key=017144,fundsuggest.eastmoney.com,/FundSearch/api/FundSearchAPI.ashx,2,['200'],['text/plain; charset=utf-8'],1052~1052,['GET']
https://fundsuggest.eastmoney.com/FundSearch/api/FundSearchAPI.ashx?m=1&key=017436,fundsuggest.eastmoney.com,/FundSearch/api/FundSearchAPI.ashx,2,['200'],['text/plain; charset=utf-8'],1038~1038,['GET']
https://fundsuggest.eastmoney.com/FundSearch/api/FundSearchAPI.ashx?m=1&key=017730,fundsuggest.eastmoney.com,/FundSearch/api/FundSearchAPI.ashx,2,['200'],['text/plain; charset=utf-8'],1021~1021,['GET']
https://fundsuggest.eastmoney.com/FundSearch/api/FundSearchAPI.ashx?m=1&key=100055,fundsuggest.eastmoney.com,/FundSearch/api/FundSearchAPI.ashx,2,['200'],['text/plain; charset=utf-8'],1244~1244,['GET']
https://fundsuggest.eastmoney.com/FundSearch/api/FundSearchAPI.ashx?m=1&key=161128,fundsuggest.eastmoney.com,/FundSearch/api/FundSearchAPI.ashx,2,['200'],['text/plain; charset=utf-8'],1520~1520,['GET']
https://fundsuggest.eastmoney.com/FundSearch/api/FundSearchAPI.ashx?m=1&key=270023,fundsuggest.eastmoney.com,/FundSearch/api/FundSearchAPI.ashx,2,['200'],['text/plain; charset=utf-8'],1603~1603,['GET']
https://fundsuggest.eastmoney.com/FundSearch/api/FundSearchAPI.ashx?m=1&key=457001,fundsuggest.eastmoney.com,/FundSearch/api/FundSearchAPI.ashx,2,['200'],['text/plain; charset=utf-8'],1022~1022,['GET']
https://fundsuggest.eastmoney.com/FundSearch/api/FundSearchAPI.ashx?m=1&key=501226,fundsuggest.eastmoney.com,/FundSearch/api/FundSearchAPI.ashx,2,['200'],['text/plain; charset=utf-8'],1126~1126,['GET']
https://fundsuggest.eastmoney.com/FundSearch/api/FundSearchAPI.ashx?m=1&key=501312,fundsuggest.eastmoney.com,/FundSearch/api/FundSearchAPI.ashx,2,['200'],['text/plain; charset=utf-8'],1041~1041,['GET']
https://fundsuggest.eastmoney.com/FundSearch/api/FundSearchAPI.ashx?m=1&key=539002,fundsuggest.eastmoney.com,/FundSearch/api/FundSearchAPI.ashx,2,['200'],['text/plain; charset=utf-8'],1131~1131,['GET']
"https://push2delay.eastmoney.com/api/qt/stock/kline/get?secid=100.SPX&klt=101&fqt=1&lmt=40&end=20500101&iscca=1&fields1=f1,f2,f3,f4,f5,f6&fields2=f51,f52,f53,f54,f55,f56,f57,f58,f59,f60,f61&_t=1787288149910",push2delay.eastmoney.com,/api/qt/stock/kline/get,2,['200'],['application/json; charset=UTF-8'],184~184,['GET']
"https://push2delay.eastmoney.com/api/qt/ulist.np/get?&ut=fa5fd1943c7b386f172d6893dbfba10b&invt=2&fltt=2&secids=105.MU,105.MKSI,106.TSM,105.INTC,106.GLW,105.SNDK,105.LRCX,105.GOOG,106.NOK&fields=f12,f13,f3",push2delay.eastmoney.com,/api/qt/ulist.np/get,2,['200'],['application/json; charset=UTF-8'],417~417,['GET']
"https://82.push2his.eastmoney.com/api/qt/stock/kline/get?secid=100.NDX&klt=101&fqt=1&lmt=40&end=20500101&iscca=1&fields1=f1,f2,f3,f4,f5,f6&fields2=f51,f52,f53,f54,f55,f56,f57,f58,f59,f60,f61&_t=1787288145302",82.push2his.eastmoney.com,/api/qt/stock/kline/get,1,['999'],[''],0~0,['GET']
"https://82.push2his.eastmoney.com/api/qt/stock/kline/get?secid=100.NDX&klt=101&fqt=1&lmt=40&end=20500101&iscca=1&fields1=f1,f2,f3,f4,f5,f6&fields2=f51,f52,f53,f54,f55,f56,f57,f58,f59,f60,f61&_t=1787288146244",82.push2his.eastmoney.com,/api/qt/stock/kline/get,1,['999'],[''],0~0,['GET']
"https://82.push2his.eastmoney.com/api/qt/stock/kline/get?secid=100.NDX&klt=101&fqt=1&lmt=40&end=20500101&iscca=1&fields1=f1,f2,f3,f4,f5,f6&fields2=f51,f52,f53,f54,f55,f56,f57,f58,f59,f60,f61&_t=1787288146396",82.push2his.eastmoney.com,/api/qt/stock/kline/get,1,['999'],[''],0~0,['GET']
"https://82.push2his.eastmoney.com/api/qt/stock/kline/get?secid=100.NDX&klt=101&fqt=1&lmt=40&end=20500101&iscca=1&fields1=f1,f2,f3,f4,f5,f6&fields2=f51,f52,f53,f54,f55,f56,f57,f58,f59,f60,f61&_t=1787288147465",82.push2his.eastmoney.com,/api/qt/stock/kline/get,1,['999'],[''],0~0,['GET']
"https://82.push2his.eastmoney.com/api/qt/stock/kline/get?secid=100.NDX&klt=101&fqt=1&lmt=40&end=20500101&iscca=1&fields1=f1,f2,f3,f4,f5,f6&fields2=f51,f52,f53,f54,f55,f56,f57,f58,f59,f60,f61&_t=1787288168989",82.push2his.eastmoney.com,/api/qt/stock/kline/get,1,['999'],[''],0~0,['GET']
"https://82.push2his.eastmoney.com/api/qt/stock/kline/get?secid=100.NDX100&klt=101&fqt=1&lmt=40&end=20500101&iscca=1&fields1=f1,f2,f3,f4,f5,f6&fields2=f51,f52,f53,f54,f55,f56,f57,f58,f59,f60,f61&_t=1787288145304",82.push2his.eastmoney.com,/api/qt/stock/kline/get,1,['999'],[''],0~0,['GET']
"https://82.push2his.eastmoney.com/api/qt/stock/kline/get?secid=100.NDX100&klt=101&fqt=1&lmt=40&end=20500101&iscca=1&fields1=f1,f2,f3,f4,f5,f6&fields2=f51,f52,f53,f54,f55,f56,f57,f58,f59,f60,f61&_t=1787288146337",82.push2his.eastmoney.com,/api/qt/stock/kline/get,1,['999'],[''],0~0,['GET']
"https://82.push2his.eastmoney.com/api/qt/stock/kline/get?secid=100.NDX100&klt=101&fqt=1&lmt=40&end=20500101&iscca=1&fields1=f1,f2,f3,f4,f5,f6&fields2=f51,f52,f53,f54,f55,f56,f57,f58,f59,f60,f61&_t=1787288146525",82.push2his.eastmoney.com,/api/qt/stock/kline/get,1,['999'],[''],0~0,['GET']
"https://82.push2his.eastmoney.com/api/qt/stock/kline/get?secid=100.NDX100&klt=101&fqt=1&lmt=40&end=20500101&iscca=1&fields1=f1,f2,f3,f4,f5,f6&fields2=f51,f52,f53,f54,f55,f56,f57,f58,f59,f60,f61&_t=1787288147455",82.push2his.eastmoney.com,/api/qt/stock/kline/get,1,['999'],[''],0~0,['GET']
"https://82.push2his.eastmoney.com/api/qt/stock/kline/get?secid=100.NDX100&klt=101&fqt=1&lmt=40&end=20500101&iscca=1&fields1=f1,f2,f3,f4,f5,f6&fields2=f51,f52,f53,f54,f55,f56,f57,f58,f59,f60,f61&_t=1787288168988",82.push2his.eastmoney.com,/api/qt/stock/kline/get,1,['999'],[''],0~0,['GET']
"https://82.push2his.eastmoney.com/api/qt/stock/kline/get?secid=100.SPX&klt=101&fqt=1&lmt=40&end=20500101&iscca=1&fields1=f1,f2,f3,f4,f5,f6&fields2=f51,f52,f53,f54,f55,f56,f57,f58,f59,f60,f61&_t=1787288145304",82.push2his.eastmoney.com,/api/qt/stock/kline/get,1,['999'],[''],0~0,['GET']
"https://82.push2his.eastmoney.com/api/qt/stock/kline/get?secid=100.SPX&klt=101&fqt=1&lmt=40&end=20500101&iscca=1&fields1=f1,f2,f3,f4,f5,f6&fields2=f51,f52,f53,f54,f55,f56,f57,f58,f59,f60,f61&_t=1787288146318",82.push2his.eastmoney.com,/api/qt/stock/kline/get,1,['999'],[''],0~0,['GET']
"https://82.push2his.eastmoney.com/api/qt/stock/kline/get?secid=100.SPX&klt=101&fqt=1&lmt=40&end=20500101&iscca=1&fields1=f1,f2,f3,f4,f5,f6&fields2=f51,f52,f53,f54,f55,f56,f57,f58,f59,f60,f61&_t=1787288146526",82.push2his.eastmoney.com,/api/qt/stock/kline/get,1,['999'],[''],0~0,['GET']
"https://82.push2his.eastmoney.com/api/qt/stock/kline/get?secid=100.SPX&klt=101&fqt=1&lmt=40&end=20500101&iscca=1&fields1=f1,f2,f3,f4,f5,f6&fields2=f51,f52,f53,f54,f55,f56,f57,f58,f59,f60,f61&_t=1787288147650",82.push2his.eastmoney.com,/api/qt/stock/kline/get,1,['999'],[''],0~0,['GET']
"https://82.push2his.eastmoney.com/api/qt/stock/kline/get?secid=100.SPX&klt=101&fqt=1&lmt=40&end=20500101&iscca=1&fields1=f1,f2,f3,f4,f5,f6&fields2=f51,f52,f53,f54,f55,f56,f57,f58,f59,f60,f61&_t=1787288169068",82.push2his.eastmoney.com,/api/qt/stock/kline/get,1,['999'],[''],0~0,['GET']
https://api.fund.eastmoney.com/f10/lsjz?callback=jQuery&fundCode=000043&pageIndex=1&pageSize=20&startDate=&endDate=&_=1787288168765,api.fund.eastmoney.com,/f10/lsjz,1,['200'],['application/json; charset=utf-8'],122~122,['GET']
https://api.fund.eastmoney.com/f10/lsjz?callback=jQuery&fundCode=000043&pageIndex=1&pageSize=30&startDate=&endDate=&_=1787288170107,api.fund.eastmoney.com,/f10/lsjz,1,['200'],['application/json; charset=utf-8'],122~122,['GET']
https://api.fund.eastmoney.com/f10/lsjz?callback=jQuery&fundCode=001668&pageIndex=1&pageSize=20&startDate=&endDate=&_=1787288170241,api.fund.eastmoney.com,/f10/lsjz,1,['200'],['application/json; charset=utf-8'],122~122,['GET']
https://api.fund.eastmoney.com/f10/lsjz?callback=jQuery&fundCode=001668&pageIndex=1&pageSize=30&startDate=&endDate=&_=1787288170458,api.fund.eastmoney.com,/f10/lsjz,1,['200'],['application/json; charset=utf-8'],122~122,['GET']
https://api.fund.eastmoney.com/f10/lsjz?callback=jQuery&fundCode=002891&pageIndex=1&pageSize=20&startDate=&endDate=&_=1787288170592,api.fund.eastmoney.com,/f10/lsjz,1,['200'],['application/json; charset=utf-8'],122~122,['GET']
https://api.fund.eastmoney.com/f10/lsjz?callback=jQuery&fundCode=002891&pageIndex=1&pageSize=30&startDate=&endDate=&_=1787288170762,api.fund.eastmoney.com,/f10/lsjz,1,['200'],['application/json; charset=utf-8'],122~122,['GET']
https://api.fund.eastmoney.com/f10/lsjz?callback=jQuery&fundCode=005698&pageIndex=1&pageSize=20&startDate=&endDate=&_=1787288170591,api.fund.eastmoney.com,/f10/lsjz,1,['200'],['application/json; charset=utf-8'],122~122,['GET']
https://api.fund.eastmoney.com/f10/lsjz?callback=jQuery&fundCode=005698&pageIndex=1&pageSize=30&startDate=&endDate=&_=1787288170662,api.fund.eastmoney.com,/f10/lsjz,1,['200'],['application/json; charset=utf-8'],122~122,['GET']
https://api.fund.eastmoney.com/f10/lsjz?callback=jQuery&fundCode=006373&pageIndex=1&pageSize=20&startDate=&endDate=&_=1787288170240,api.fund.eastmoney.com,/f10/lsjz,1,['200'],['application/json; charset=utf-8'],122~122,['GET']
https://api.fund.eastmoney.com/f10/lsjz?callback=jQuery&fundCode=006373&pageIndex=1&pageSize=30&startDate=&endDate=&_=1787288170312,api.fund.eastmoney.com,/f10/lsjz,1,['200'],['application/json; charset=utf-8'],122~122,['GET']
https://api.fund.eastmoney.com/f10/lsjz?callback=jQuery&fundCode=006555&pageIndex=1&pageSize=20&startDate=&endDate=&_=1787288168764,api.fund.eastmoney.com,/f10/lsjz,1,['200'],['application/json; charset=utf-8'],122~122,['GET']
https://api.fund.eastmoney.com/f10/lsjz?callback=jQuery&fundCode=006555&pageIndex=1&pageSize=30&startDate=&endDate=&_=1787288170001,api.fund.eastmoney.com,/f10/lsjz,1,['200'],['application/json; charset=utf-8'],122~122,['GET']
https://api.fund.eastmoney.com/f10/lsjz?callback=jQuery&fundCode=008253&pageIndex=1&pageSize=20&startDate=&endDate=&_=1787288170910,api.fund.eastmoney.com,/f10/lsjz,1,['200'],['application/json; charset=utf-8'],122~122,['GET']
https://api.fund.eastmoney.com/f10/lsjz?callback=jQuery&fundCode=008253&pageIndex=1&pageSize=30&startDate=&endDate=&_=1787288171010,api.fund.eastmoney.com,/f10/lsjz,1,['200'],['application/json; charset=utf-8'],122~122,['GET']
https://api.fund.eastmoney.com/f10/lsjz?callback=jQuery&fundCode=012920&pageIndex=1&pageSize=20&startDate=&endDate=&_=1787288170239,api.fund.eastmoney.com,/f10/lsjz,1,['200'],['application/json; charset=utf-8'],122~122,['GET']
https://api.fund.eastmoney.com/f10/lsjz?callback=jQuery&fundCode=012920&pageIndex=1&pageSize=30&startDate=&endDate=&_=1787288170312,api.fund.eastmoney.com,/f10/lsjz,1,['200'],['application/json; charset=utf-8'],122~122,['GET']
https://api.fund.eastmoney.com/f10/lsjz?callback=jQuery&fundCode=016664&pageIndex=1&pageSize=20&startDate=&endDate=&_=1787288170911,api.fund.eastmoney.com,/f10/lsjz,1,['200'],['application/json; charset=utf-8'],122~122,['GET']
https://api.fund.eastmoney.com/f10/lsjz?callback=jQuery&fundCode=016664&pageIndex=1&pageSize=30&startDate=&endDate=&_=1787288171017,api.fund.eastmoney.com,/f10/lsjz,1,['200'],['application/json; charset=utf-8'],122~122,['GET']
https://api.fund.eastmoney.com/f10/lsjz?callback=jQuery&fundCode=016701&pageIndex=1&pageSize=20&startDate=&endDate=&_=1787288170592,api.fund.eastmoney.com,/f10/lsjz,1,['200'],['application/json; charset=utf-8'],122~122,['GET']
https://api.fund.eastmoney.com/f10/lsjz?callback=jQuery&fundCode=016701&pageIndex=1&pageSize=30&startDate=&endDate=&_=1787288170763,api.fund.eastmoney.com,/f10/lsjz,1,['200'],['application/json; charset=utf-8'],122~122,['GET']
https://api.fund.eastmoney.com/f10/lsjz?callback=jQuery&fundCode=017091&pageIndex=1&pageSize=20&startDate=&endDate=&_=1787288170910,api.fund.eastmoney.com,/f10/lsjz,1,['200'],['application/json; charset=utf-8'],122~122,['GET']
https://api.fund.eastmoney.com/f10/lsjz?callback=jQuery&fundCode=017091&pageIndex=1&pageSize=30&startDate=&endDate=&_=1787288171008,api.fund.eastmoney.com,/f10/lsjz,1,['200'],['application/json; charset=utf-8'],122~122,['GET']
https://api.fund.eastmoney.com/f10/lsjz?callback=jQuery&fundCode=017144&pageIndex=1&pageSize=20&startDate=&endDate=&_=1787288170593,api.fund.eastmoney.com,/f10/lsjz,1,['200'],['application/json; charset=utf-8'],122~122,['GET']
https://api.fund.eastmoney.com/f10/lsjz?callback=jQuery&fundCode=017144&pageIndex=1&pageSize=30&startDate=&endDate=&_=1787288170659,api.fund.eastmoney.com,/f10/lsjz,1,['200'],['application/json; charset=utf-8'],122~122,['GET']
https://api.fund.eastmoney.com/f10/lsjz?callback=jQuery&fundCode=017436&pageIndex=1&pageSize=20&startDate=&endDate=&_=1787288168764,api.fund.eastmoney.com,/f10/lsjz,1,['200'],['application/json; charset=utf-8'],122~122,['GET']
https://api.fund.eastmoney.com/f10/lsjz?callback=jQuery&fundCode=017436&pageIndex=1&pageSize=30&startDate=&endDate=&_=1787288170081,api.fund.eastmoney.com,/f10/lsjz,1,['200'],['application/json; charset=utf-8'],122~122,['GET']
https://api.fund.eastmoney.com/f10/lsjz?callback=jQuery&fundCode=017730&pageIndex=1&pageSize=20&startDate=&endDate=&_=1787288168765,api.fund.eastmoney.com,/f10/lsjz,1,['200'],['application/json; charset=utf-8'],122~122,['GET']
https://api.fund.eastmoney.com/f10/lsjz?callback=jQuery&fundCode=017730&pageIndex=1&pageSize=30&startDate=&endDate=&_=1787288170071,api.fund.eastmoney.com,/f10/lsjz,1,['200'],['application/json; charset=utf-8'],122~122,['GET']
https://api.fund.eastmoney.com/f10/lsjz?callback=jQuery&fundCode=100055&pageIndex=1&pageSize=20&startDate=&endDate=&_=1787288170911,api.fund.eastmoney.com,/f10/lsjz,1,['200'],['application/json; charset=utf-8'],122~122,['GET']
https://api.fund.eastmoney.com/f10/lsjz?callback=jQuery&fundCode=100055&pageIndex=1&pageSize=30&startDate=&endDate=&_=1787288171008,api.fund.eastmoney.com,/f10/lsjz,1,['200'],['application/json; charset=utf-8'],122~122,['GET']
https://api.fund.eastmoney.com/f10/lsjz?callback=jQuery&fundCode=161128&pageIndex=1&pageSize=20&startDate=&endDate=&_=1787288170238,api.fund.eastmoney.com,/f10/lsjz,1,['200'],['application/json; charset=utf-8'],122~122,['GET']
https://api.fund.eastmoney.com/f10/lsjz?callback=jQuery&fundCode=161128&pageIndex=1&pageSize=30&startDate=&endDate=&_=1787288170311,api.fund.eastmoney.com,/f10/lsjz,1,['200'],['application/json; charset=utf-8'],122~122,['GET']
https://api.fund.eastmoney.com/f10/lsjz?callback=jQuery&fundCode=270023&pageIndex=1&pageSize=20&startDate=&endDate=&_=1787288168765,api.fund.eastmoney.com,/f10/lsjz,1,['200'],['application/json; charset=utf-8'],122~122,['GET']
https://api.fund.eastmoney.com/f10/lsjz?callback=jQuery&fundCode=270023&pageIndex=1&pageSize=30&startDate=&endDate=&_=1787288170086,api.fund.eastmoney.com,/f10/lsjz,1,['200'],['application/json; charset=utf-8'],122~122,['GET']
https://api.fund.eastmoney.com/f10/lsjz?callback=jQuery&fundCode=457001&pageIndex=1&pageSize=20&startDate=&endDate=&_=1787288171578,api.fund.eastmoney.com,/f10/lsjz,1,['200'],['application/json; charset=utf-8'],122~122,['GET']
https://api.fund.eastmoney.com/f10/lsjz?callback=jQuery&fundCode=457001&pageIndex=1&pageSize=30&startDate=&endDate=&_=1787288171705,api.fund.eastmoney.com,/f10/lsjz,1,['200'],['application/json; charset=utf-8'],122~122,['GET']
https://api.fund.eastmoney.com/f10/lsjz?callback=jQuery&fundCode=501226&pageIndex=1&pageSize=20&startDate=&endDate=&_=1787288170593,api.fund.eastmoney.com,/f10/lsjz,1,['200'],['application/json; charset=utf-8'],122~122,['GET']
https://api.fund.eastmoney.com/f10/lsjz?callback=jQuery&fundCode=501226&pageIndex=1&pageSize=30&startDate=&endDate=&_=1787288170658,api.fund.eastmoney.com,/f10/lsjz,1,['200'],['application/json; charset=utf-8'],122~122,['GET']
https://api.fund.eastmoney.com/f10/lsjz?callback=jQuery&fundCode=501312&pageIndex=1&pageSize=20&startDate=&endDate=&_=1787288170908,api.fund.eastmoney.com,/f10/lsjz,1,['200'],['application/json; charset=utf-8'],122~122,['GET']
https://api.fund.eastmoney.com/f10/lsjz?callback=jQuery&fundCode=501312&pageIndex=1&pageSize=30&startDate=&endDate=&_=1787288171016,api.fund.eastmoney.com,/f10/lsjz,1,['200'],['application/json; charset=utf-8'],122~122,['GET']
https://api.fund.eastmoney.com/f10/lsjz?callback=jQuery&fundCode=539002&pageIndex=1&pageSize=20&startDate=&endDate=&_=1787288170240,api.fund.eastmoney.com,/f10/lsjz,1,['200'],['application/json; charset=utf-8'],122~122,['GET']
https://api.fund.eastmoney.com/f10/lsjz?callback=jQuery&fundCode=539002&pageIndex=1&pageSize=30&startDate=&endDate=&_=1787288170312,api.fund.eastmoney.com,/f10/lsjz,1,['200'],['application/json; charset=utf-8'],122~122,['GET']
https://hq.sinajs.cn/list=f_000043,hq.sinajs.cn,/list=f_000043,1,['200'],['application/javascript; charset=GB18030'],90~90,['GET']
https://hq.sinajs.cn/list=f_001668,hq.sinajs.cn,/list=f_001668,1,['200'],['application/javascript; charset=GB18030'],98~98,['GET']
https://hq.sinajs.cn/list=f_002891,hq.sinajs.cn,/list=f_002891,1,['200'],['application/javascript; charset=GB18030'],91~91,['GET']
https://hq.sinajs.cn/list=f_005698,hq.sinajs.cn,/list=f_005698,1,['200'],['application/javascript; charset=GB18030'],97~97,['GET']
https://hq.sinajs.cn/list=f_006373,hq.sinajs.cn,/list=f_006373,1,['200'],['application/javascript; charset=GB18030'],97~97,['GET']
https://hq.sinajs.cn/list=f_006555,hq.sinajs.cn,/list=f_006555,1,['200'],['application/javascript; charset=GB18030'],85~85,['GET']
https://hq.sinajs.cn/list=f_008253,hq.sinajs.cn,/list=f_008253,1,['200'],['application/javascript; charset=GB18030'],74~74,['GET']
https://hq.sinajs.cn/list=f_012920,hq.sinajs.cn,/list=f_012920,1,['200'],['application/javascript; charset=GB18030'],105~105,['GET']
https://hq.sinajs.cn/list=f_016664,hq.sinajs.cn,/list=f_016664,1,['200'],['application/javascript; charset=GB18030'],88~88,['GET']
https://hq.sinajs.cn/list=f_016701,hq.sinajs.cn,/list=f_016701,1,['200'],['application/javascript; charset=GB18030'],105~105,['GET']
https://hq.sinajs.cn/list=f_017091,hq.sinajs.cn,/list=f_017091,1,['200'],['application/javascript; charset=GB18030'],104~104,['GET']
https://hq.sinajs.cn/list=f_017144,hq.sinajs.cn,/list=f_017144,1,['200'],['application/javascript; charset=GB18030'],100~100,['GET']
https://hq.sinajs.cn/list=f_017436,hq.sinajs.cn,/list=f_017436,1,['200'],['application/javascript; charset=GB18030'],95~95,['GET']
https://hq.sinajs.cn/list=f_017730,hq.sinajs.cn,/list=f_017730,1,['200'],['application/javascript; charset=GB18030'],97~97,['GET']
https://hq.sinajs.cn/list=f_100055,hq.sinajs.cn,/list=f_100055,1,['200'],['application/javascript; charset=GB18030'],93~93,['GET']
https://hq.sinajs.cn/list=f_161128,hq.sinajs.cn,/list=f_161128,1,['200'],['application/javascript; charset=GB18030'],109~109,['GET']
https://hq.sinajs.cn/list=f_270023,hq.sinajs.cn,/list=f_270023,1,['200'],['application/javascript; charset=GB18030'],93~93,['GET']
https://hq.sinajs.cn/list=f_457001,hq.sinajs.cn,/list=f_457001,1,['200'],['application/javascript; charset=GB18030'],86~86,['GET']
https://hq.sinajs.cn/list=f_501226,hq.sinajs.cn,/list=f_501226,1,['200'],['application/javascript; charset=GB18030'],97~97,['GET']
https://hq.sinajs.cn/list=f_501312,hq.sinajs.cn,/list=f_501312,1,['200'],['application/javascript; charset=GB18030'],75~75,['GET']
https://hq.sinajs.cn/list=f_539002,hq.sinajs.cn,/list=f_539002,1,['200'],['application/javascript; charset=GB18030'],84~84,['GET']
"https://hq.sinajs.cn/rn=1787288142076&list=gb_qqq,gb_spy,gb_dia",hq.sinajs.cn,"/rn=1787288142076&list=gb_qqq,gb_spy,gb_dia",1,['200'],['application/javascript; charset=GB18030'],981~981,['GET']
"https://hq.sinajs.cn/rn=1787288142080&list=gb_qqq,gb_spy,gb_dia",hq.sinajs.cn,"/rn=1787288142080&list=gb_qqq,gb_spy,gb_dia",1,['200'],['application/javascript; charset=GB18030'],981~981,['GET']
"https://hq.sinajs.cn/rn=1787288147879&list=gb_qqq,gb_spy,gb_dia",hq.sinajs.cn,"/rn=1787288147879&list=gb_qqq,gb_spy,gb_dia",1,['200'],['application/javascript; charset=GB18030'],981~981,['GET']
"https://hq.sinajs.cn/rn=1787288149838&list=gb_qqq,gb_spy,gb_dia",hq.sinajs.cn,"/rn=1787288149838&list=gb_qqq,gb_spy,gb_dia",1,['200'],['application/javascript; charset=GB18030'],981~981,['GET']
"https://hq.sinajs.cn/rn=1787288150844&list=gb_qqq,gb_spy,gb_dia",hq.sinajs.cn,"/rn=1787288150844&list=gb_qqq,gb_spy,gb_dia",1,['200'],['application/javascript; charset=GB18030'],981~981,['GET']
"https://hq.sinajs.cn/rn=1787288151834&list=gb_qqq,gb_spy,gb_dia",hq.sinajs.cn,"/rn=1787288151834&list=gb_qqq,gb_spy,gb_dia",1,['200'],['application/javascript; charset=GB18030'],981~981,['GET']
"https://hq.sinajs.cn/rn=1787288153861&list=gb_qqq,gb_spy,gb_dia",hq.sinajs.cn,"/rn=1787288153861&list=gb_qqq,gb_spy,gb_dia",1,['200'],['application/javascript; charset=GB18030'],981~981,['GET']
"https://hq.sinajs.cn/rn=1787288154857&list=gb_qqq,gb_spy,gb_dia",hq.sinajs.cn,"/rn=1787288154857&list=gb_qqq,gb_spy,gb_dia",1,['200'],['application/javascript; charset=GB18030'],981~981,['GET']
"https://hq.sinajs.cn/rn=1787288155837&list=gb_qqq,gb_spy,gb_dia",hq.sinajs.cn,"/rn=1787288155837&list=gb_qqq,gb_spy,gb_dia",1,['200'],['application/javascript; charset=GB18030'],981~981,['GET']
"https://hq.sinajs.cn/rn=1787288156538&list=gb_qqq,gb_spy,gb_dia",hq.sinajs.cn,"/rn=1787288156538&list=gb_qqq,gb_spy,gb_dia",1,['200'],['application/javascript; charset=GB18030'],981~981,['GET']
"https://hq.sinajs.cn/rn=1787288157061&list=gb_qqq,gb_spy,gb_dia",hq.sinajs.cn,"/rn=1787288157061&list=gb_qqq,gb_spy,gb_dia",1,['200'],['application/javascript; charset=GB18030'],981~981,['GET']
"https://hq.sinajs.cn/rn=1787288158058&list=gb_qqq,gb_spy,gb_dia",hq.sinajs.cn,"/rn=1787288158058&list=gb_qqq,gb_spy,gb_dia",1,['200'],['application/javascript; charset=GB18030'],981~981,['GET']
"https://hq.sinajs.cn/rn=1787288159058&list=gb_qqq,gb_spy,gb_dia",hq.sinajs.cn,"/rn=1787288159058&list=gb_qqq,gb_spy,gb_dia",1,['200'],['application/javascript; charset=GB18030'],981~981,['GET']
"https://hq.sinajs.cn/rn=1787288160055&list=gb_qqq,gb_spy,gb_dia",hq.sinajs.cn,"/rn=1787288160055&list=gb_qqq,gb_spy,gb_dia",1,['200'],['application/javascript; charset=GB18030'],981~981,['GET']
"https://hq.sinajs.cn/rn=1787288161060&list=gb_qqq,gb_spy,gb_dia",hq.sinajs.cn,"/rn=1787288161060&list=gb_qqq,gb_spy,gb_dia",1,['200'],['application/javascript; charset=GB18030'],981~981,['GET']
"https://hq.sinajs.cn/rn=1787288162063&list=gb_qqq,gb_spy,gb_dia",hq.sinajs.cn,"/rn=1787288162063&list=gb_qqq,gb_spy,gb_dia",1,['200'],['application/javascript; charset=GB18030'],981~981,['GET']
"https://hq.sinajs.cn/rn=1787288163062&list=gb_qqq,gb_spy,gb_dia",hq.sinajs.cn,"/rn=1787288163062&list=gb_qqq,gb_spy,gb_dia",1,['200'],['application/javascript; charset=GB18030'],981~981,['GET']
"https://hq.sinajs.cn/rn=1787288164059&list=gb_qqq,gb_spy,gb_dia",hq.sinajs.cn,"/rn=1787288164059&list=gb_qqq,gb_spy,gb_dia",1,['200'],['application/javascript; charset=GB18030'],981~981,['GET']
"https://hq.sinajs.cn/rn=1787288165066&list=gb_qqq,gb_spy,gb_dia",hq.sinajs.cn,"/rn=1787288165066&list=gb_qqq,gb_spy,gb_dia",1,['200'],['application/javascript; charset=GB18030'],981~981,['GET']
"https://hq.sinajs.cn/rn=1787288166064&list=gb_qqq,gb_spy,gb_dia",hq.sinajs.cn,"/rn=1787288166064&list=gb_qqq,gb_spy,gb_dia",1,['200'],['application/javascript; charset=GB18030'],981~981,['GET']
"https://hq.sinajs.cn/rn=1787288167065&list=gb_qqq,gb_spy,gb_dia",hq.sinajs.cn,"/rn=1787288167065&list=gb_qqq,gb_spy,gb_dia",1,['200'],['application/javascript; charset=GB18030'],981~981,['GET']
"https://hq.sinajs.cn/rn=1787288168063&list=gb_qqq,gb_spy,gb_dia",hq.sinajs.cn,"/rn=1787288168063&list=gb_qqq,gb_spy,gb_dia",1,['200'],['application/javascript; charset=GB18030'],981~981,['GET']
"https://hq.sinajs.cn/rn=1787288171520&list=gb_qqq,gb_spy,gb_dia",hq.sinajs.cn,"/rn=1787288171520&list=gb_qqq,gb_spy,gb_dia",1,['200'],['application/javascript; charset=GB18030'],981~981,['GET']
"https://hq.sinajs.cn/rn=1787288172058&list=gb_qqq,gb_spy,gb_dia",hq.sinajs.cn,"/rn=1787288172058&list=gb_qqq,gb_spy,gb_dia",1,['200'],['application/javascript; charset=GB18030'],981~981,['GET']
"https://hq.sinajs.cn/rn=1787288173055&list=gb_qqq,gb_spy,gb_dia",hq.sinajs.cn,"/rn=1787288173055&list=gb_qqq,gb_spy,gb_dia",1,['200'],['application/javascript; charset=GB18030'],981~981,['GET']
"https://hq.sinajs.cn/rn=1787288183748&list=hf_OIL,hf_CL,hf_VX,hf_XAU,hf_GC,hf_XAG,hf_SI,hf_HG,hf_CAD,hf_NG,nf_AU0",hq.sinajs.cn,"/rn=1787288183748&list=hf_OIL,hf_CL,hf_VX,hf_XAU,hf_GC,hf_XAG,hf_SI,hf_HG,hf_CAD,hf_NG,nf_AU0",1,['200'],['application/javascript; charset=GB18030'],1382~1382,['GET']
"https://hq.sinajs.cn/rn=1787288183748&list=nf_CU0,nf_AL0,nf_ZN0,nf_NI0,nf_SN0,nf_AU0",hq.sinajs.cn,"/rn=1787288183748&list=nf_CU0,nf_AL0,nf_ZN0,nf_NI0,nf_SN0,nf_AU0",1,['200'],['application/javascript; charset=GB18030'],1452~1452,['GET']
"https://hq.sinajs.cn/rn=1787288183749&list=gb_tlt,nf_AU0",hq.sinajs.cn,"/rn=1787288183749&list=gb_tlt,nf_AU0",1,['200'],['application/javascript; charset=GB18030'],560~560,['GET']
"https://hq.sinajs.cn/rn=1787288185752&list=hf_OIL,hf_CL,hf_VX,hf_XAU,hf_GC,hf_XAG,hf_SI,hf_HG,hf_CAD,hf_NG,nf_AU0",hq.sinajs.cn,"/rn=1787288185752&list=hf_OIL,hf_CL,hf_VX,hf_XAU,hf_GC,hf_XAG,hf_SI,hf_HG,hf_CAD,hf_NG,nf_AU0",1,['200'],['application/javascript; charset=GB18030'],1382~1382,['GET']
"https://hq.sinajs.cn/rn=1787288185752&list=nf_CU0,nf_AL0,nf_ZN0,nf_NI0,nf_SN0,nf_AU0",hq.sinajs.cn,"/rn=1787288185752&list=nf_CU0,nf_AL0,nf_ZN0,nf_NI0,nf_SN0,nf_AU0",1,['200'],['application/javascript; charset=GB18030'],1452~1452,['GET']
"https://hq.sinajs.cn/rn=1787288185753&list=gb_tlt,nf_AU0",hq.sinajs.cn,"/rn=1787288185753&list=gb_tlt,nf_AU0",1,['200'],['application/javascript; charset=GB18030'],560~560,['GET']
"https://hq.sinajs.cn/rn=1787288188146&list=gb_tlt,nf_AU0",hq.sinajs.cn,"/rn=1787288188146&list=gb_tlt,nf_AU0",1,['200'],['application/javascript; charset=GB18030'],560~560,['GET']
"https://hq.sinajs.cn/rn=1787288188146&list=hf_OIL,hf_CL,hf_VX,hf_XAU,hf_GC,hf_XAG,hf_SI,hf_HG,hf_CAD,hf_NG,nf_AU0",hq.sinajs.cn,"/rn=1787288188146&list=hf_OIL,hf_CL,hf_VX,hf_XAU,hf_GC,hf_XAG,hf_SI,hf_HG,hf_CAD,hf_NG,nf_AU0",1,['200'],['application/javascript; charset=GB18030'],1382~1382,['GET']
"https://hq.sinajs.cn/rn=1787288188146&list=nf_CU0,nf_AL0,nf_ZN0,nf_NI0,nf_SN0,nf_AU0",hq.sinajs.cn,"/rn=1787288188146&list=nf_CU0,nf_AL0,nf_ZN0,nf_NI0,nf_SN0,nf_AU0",1,['200'],['application/javascript; charset=GB18030'],1452~1452,['GET']
"https://hq.sinajs.cn/rn=1787288189406&list=gb_qqq,gb_spy,gb_dia",hq.sinajs.cn,"/rn=1787288189406&list=gb_qqq,gb_spy,gb_dia",1,['200'],['application/javascript; charset=GB18030'],981~981,['GET']
"https://hq.sinajs.cn/rn=1787288189408&list=gb_qqq,gb_spy,gb_dia",hq.sinajs.cn,"/rn=1787288189408&list=gb_qqq,gb_spy,gb_dia",1,['200'],['application/javascript; charset=GB18030'],981~981,['GET']
"https://hq.sinajs.cn/rn=1787288190403&list=gb_qqq,gb_spy,gb_dia",hq.sinajs.cn,"/rn=1787288190403&list=gb_qqq,gb_spy,gb_dia",1,['200'],['application/javascript; charset=GB18030'],981~981,['GET']
"https://hq.sinajs.cn/rn=1787288199405&list=gb_qqq,gb_spy,gb_dia",hq.sinajs.cn,"/rn=1787288199405&list=gb_qqq,gb_spy,gb_dia",1,['200'],['application/javascript; charset=GB18030'],981~981,['GET']
"https://hq.sinajs.cn/rn=1787288200405&list=gb_qqq,gb_spy,gb_dia",hq.sinajs.cn,"/rn=1787288200405&list=gb_qqq,gb_spy,gb_dia",1,['200'],['application/javascript; charset=GB18030'],981~981,['GET']
"https://hq.sinajs.cn/rn=1787288201411&list=gb_qqq,gb_spy,gb_dia",hq.sinajs.cn,"/rn=1787288201411&list=gb_qqq,gb_spy,gb_dia",1,['200'],['application/javascript; charset=GB18030'],981~981,['GET']
"https://hq.sinajs.cn/rn=1787288202410&list=gb_qqq,gb_spy,gb_dia",hq.sinajs.cn,"/rn=1787288202410&list=gb_qqq,gb_spy,gb_dia",1,['200'],['application/javascript; charset=GB18030'],981~981,['GET']
"https://hq.sinajs.cn/rn=1787288203405&list=gb_qqq,gb_spy,gb_dia",hq.sinajs.cn,"/rn=1787288203405&list=gb_qqq,gb_spy,gb_dia",1,['200'],['application/javascript; charset=GB18030'],981~981,['GET']
"https://hq.sinajs.cn/rn=1787288204403&list=gb_qqq,gb_spy,gb_dia",hq.sinajs.cn,"/rn=1787288204403&list=gb_qqq,gb_spy,gb_dia",1,['200'],['application/javascript; charset=GB18030'],981~981,['GET']
"https://hq.sinajs.cn/rn=1787288205404&list=gb_qqq,gb_spy,gb_dia",hq.sinajs.cn,"/rn=1787288205404&list=gb_qqq,gb_spy,gb_dia",1,['200'],['application/javascript; charset=GB18030'],981~981,['GET']
"https://hq.sinajs.cn/rn=1787288206402&list=gb_qqq,gb_spy,gb_dia",hq.sinajs.cn,"/rn=1787288206402&list=gb_qqq,gb_spy,gb_dia",1,['200'],['application/javascript; charset=GB18030'],981~981,['GET']
"https://hq.sinajs.cn/rn=1787288207401&list=gb_qqq,gb_spy,gb_dia",hq.sinajs.cn,"/rn=1787288207401&list=gb_qqq,gb_spy,gb_dia",1,['200'],['application/javascript; charset=GB18030'],981~981,['GET']
"https://hq.sinajs.cn/rn=1787288208405&list=gb_qqq,gb_spy,gb_dia",hq.sinajs.cn,"/rn=1787288208405&list=gb_qqq,gb_spy,gb_dia",1,['200'],['application/javascript; charset=GB18030'],981~981,['GET']
"https://hq.sinajs.cn/rn=1787288209403&list=gb_qqq,gb_spy,gb_dia",hq.sinajs.cn,"/rn=1787288209403&list=gb_qqq,gb_spy,gb_dia",1,['200'],['application/javascript; charset=GB18030'],981~981,['GET']
"https://hq.sinajs.cn/rn=1787288210403&list=gb_qqq,gb_spy,gb_dia",hq.sinajs.cn,"/rn=1787288210403&list=gb_qqq,gb_spy,gb_dia",1,['200'],['application/javascript; charset=GB18030'],981~981,['GET']
"https://hq.sinajs.cn/rn=1787288211398&list=gb_qqq,gb_spy,gb_dia",hq.sinajs.cn,"/rn=1787288211398&list=gb_qqq,gb_spy,gb_dia",1,['200'],['application/javascript; charset=GB18030'],981~981,['GET']
"https://push2.eastmoney.com/api/qt/stock/kline/get?secid=100.NDX&klt=101&fqt=1&lmt=40&end=20500101&iscca=1&fields1=f1,f2,f3,f4,f5,f6&fields2=f51,f52,f53,f54,f55,f56,f57,f58,f59,f60,f61&_t=1787288148478",push2.eastmoney.com,/api/qt/stock/kline/get,1,['999'],[''],0~0,['GET']
"https://push2.eastmoney.com/api/qt/stock/kline/get?secid=100.NDX&klt=101&fqt=1&lmt=40&end=20500101&iscca=1&fields1=f1,f2,f3,f4,f5,f6&fields2=f51,f52,f53,f54,f55,f56,f57,f58,f59,f60,f61&_t=1787288148480",push2.eastmoney.com,/api/qt/stock/kline/get,1,['999'],[''],0~0,['GET']
"https://push2.eastmoney.com/api/qt/stock/kline/get?secid=100.NDX&klt=101&fqt=1&lmt=40&end=20500101&iscca=1&fields1=f1,f2,f3,f4,f5,f6&fields2=f51,f52,f53,f54,f55,f56,f57,f58,f59,f60,f61&_t=1787288148687",push2.eastmoney.com,/api/qt/stock/kline/get,1,['999'],[''],0~0,['GET']
"https://push2.eastmoney.com/api/qt/stock/kline/get?secid=100.NDX&klt=101&fqt=1&lmt=40&end=20500101&iscca=1&fields1=f1,f2,f3,f4,f5,f6&fields2=f51,f52,f53,f54,f55,f56,f57,f58,f59,f60,f61&_t=1787288148688",push2.eastmoney.com,/api/qt/stock/kline/get,1,['999'],[''],0~0,['GET']
"https://push2.eastmoney.com/api/qt/stock/kline/get?secid=100.NDX&klt=101&fqt=1&lmt=40&end=20500101&iscca=1&fields1=f1,f2,f3,f4,f5,f6&fields2=f51,f52,f53,f54,f55,f56,f57,f58,f59,f60,f61&_t=1787288169374",push2.eastmoney.com,/api/qt/stock/kline/get,1,['999'],[''],0~0,['GET']
"https://push2.eastmoney.com/api/qt/stock/kline/get?secid=100.NDX100&klt=101&fqt=1&lmt=40&end=20500101&iscca=1&fields1=f1,f2,f3,f4,f5,f6&fields2=f51,f52,f53,f54,f55,f56,f57,f58,f59,f60,f61&_t=1787288148479",push2.eastmoney.com,/api/qt/stock/kline/get,1,['999'],[''],0~0,['GET']
"https://push2.eastmoney.com/api/qt/stock/kline/get?secid=100.NDX100&klt=101&fqt=1&lmt=40&end=20500101&iscca=1&fields1=f1,f2,f3,f4,f5,f6&fields2=f51,f52,f53,f54,f55,f56,f57,f58,f59,f60,f61&_t=1787288148493",push2.eastmoney.com,/api/qt/stock/kline/get,1,['999'],[''],0~0,['GET']
"https://push2.eastmoney.com/api/qt/stock/kline/get?secid=100.NDX100&klt=101&fqt=1&lmt=40&end=20500101&iscca=1&fields1=f1,f2,f3,f4,f5,f6&fields2=f51,f52,f53,f54,f55,f56,f57,f58,f59,f60,f61&_t=1787288148686",push2.eastmoney.com,/api/qt/stock/kline/get,1,['999'],[''],0~0,['GET']
"https://push2.eastmoney.com/api/qt/stock/kline/get?secid=100.NDX100&klt=101&fqt=1&lmt=40&end=20500101&iscca=1&fields1=f1,f2,f3,f4,f5,f6&fields2=f51,f52,f53,f54,f55,f56,f57,f58,f59,f60,f61&_t=1787288148720",push2.eastmoney.com,/api/qt/stock/kline/get,1,['999'],[''],0~0,['GET']
"https://push2.eastmoney.com/api/qt/stock/kline/get?secid=100.NDX100&klt=101&fqt=1&lmt=40&end=20500101&iscca=1&fields1=f1,f2,f3,f4,f5,f6&fields2=f51,f52,f53,f54,f55,f56,f57,f58,f59,f60,f61&_t=1787288169374",push2.eastmoney.com,/api/qt/stock/kline/get,1,['999'],[''],0~0,['GET']
"https://push2.eastmoney.com/api/qt/stock/kline/get?secid=100.SPX&klt=101&fqt=1&lmt=40&end=20500101&iscca=1&fields1=f1,f2,f3,f4,f5,f6&fields2=f51,f52,f53,f54,f55,f56,f57,f58,f59,f60,f61&_t=1787288148479",push2.eastmoney.com,/api/qt/stock/kline/get,1,['999'],[''],0~0,['GET']
"https://push2.eastmoney.com/api/qt/stock/kline/get?secid=100.SPX&klt=101&fqt=1&lmt=40&end=20500101&iscca=1&fields1=f1,f2,f3,f4,f5,f6&fields2=f51,f52,f53,f54,f55,f56,f57,f58,f59,f60,f61&_t=1787288148494",push2.eastmoney.com,/api/qt/stock/kline/get,1,['999'],[''],0~0,['GET']
"https://push2.eastmoney.com/api/qt/stock/kline/get?secid=100.SPX&klt=101&fqt=1&lmt=40&end=20500101&iscca=1&fields1=f1,f2,f3,f4,f5,f6&fields2=f51,f52,f53,f54,f55,f56,f57,f58,f59,f60,f61&_t=1787288148688",push2.eastmoney.com,/api/qt/stock/kline/get,1,['999'],[''],0~0,['GET']
"https://push2.eastmoney.com/api/qt/stock/kline/get?secid=100.SPX&klt=101&fqt=1&lmt=40&end=20500101&iscca=1&fields1=f1,f2,f3,f4,f5,f6&fields2=f51,f52,f53,f54,f55,f56,f57,f58,f59,f60,f61&_t=1787288148812",push2.eastmoney.com,/api/qt/stock/kline/get,1,['999'],[''],0~0,['GET']
"https://push2.eastmoney.com/api/qt/stock/kline/get?secid=100.SPX&klt=101&fqt=1&lmt=40&end=20500101&iscca=1&fields1=f1,f2,f3,f4,f5,f6&fields2=f51,f52,f53,f54,f55,f56,f57,f58,f59,f60,f61&_t=1787288169935",push2.eastmoney.com,/api/qt/stock/kline/get,1,['999'],[''],0~0,['GET']
"https://push2delay.eastmoney.com/api/qt/stock/kline/get?secid=100.NDX&klt=101&fqt=1&lmt=40&end=20500101&iscca=1&fields1=f1,f2,f3,f4,f5,f6&fields2=f51,f52,f53,f54,f55,f56,f57,f58,f59,f60,f61&_t=1787288149763",push2delay.eastmoney.com,/api/qt/stock/kline/get,1,['200'],['application/json; charset=UTF-8'],187~187,['GET']
"https://push2delay.eastmoney.com/api/qt/stock/kline/get?secid=100.NDX&klt=101&fqt=1&lmt=40&end=20500101&iscca=1&fields1=f1,f2,f3,f4,f5,f6&fields2=f51,f52,f53,f54,f55,f56,f57,f58,f59,f60,f61&_t=1787288149905",push2delay.eastmoney.com,/api/qt/stock/kline/get,1,['200'],['application/json; charset=UTF-8'],187~187,['GET']
"https://push2delay.eastmoney.com/api/qt/stock/kline/get?secid=100.NDX&klt=101&fqt=1&lmt=40&end=20500101&iscca=1&fields1=f1,f2,f3,f4,f5,f6&fields2=f51,f52,f53,f54,f55,f56,f57,f58,f59,f60,f61&_t=1787288150111",push2delay.eastmoney.com,/api/qt/stock/kline/get,1,['200'],['application/json; charset=UTF-8'],187~187,['GET']
"https://push2delay.eastmoney.com/api/qt/stock/kline/get?secid=100.NDX&klt=101&fqt=1&lmt=40&end=20500101&iscca=1&fields1=f1,f2,f3,f4,f5,f6&fields2=f51,f52,f53,f54,f55,f56,f57,f58,f59,f60,f61&_t=1787288150112",push2delay.eastmoney.com,/api/qt/stock/kline/get,1,['200'],['application/json; charset=UTF-8'],187~187,['GET']
"https://push2delay.eastmoney.com/api/qt/stock/kline/get?secid=100.NDX&klt=101&fqt=1&lmt=40&end=20500101&iscca=1&fields1=f1,f2,f3,f4,f5,f6&fields2=f51,f52,f53,f54,f55,f56,f57,f58,f59,f60,f61&_t=1787288169968",push2delay.eastmoney.com,/api/qt/stock/kline/get,1,['200'],['application/json; charset=UTF-8'],187~187,['GET']
"https://push2delay.eastmoney.com/api/qt/stock/kline/get?secid=100.NDX100&klt=101&fqt=1&lmt=40&end=20500101&iscca=1&fields1=f1,f2,f3,f4,f5,f6&fields2=f51,f52,f53,f54,f55,f56,f57,f58,f59,f60,f61&_t=1787288149907",push2delay.eastmoney.com,/api/qt/stock/kline/get,1,['200'],['application/json; charset=UTF-8'],193~193,['GET']
"https://push2delay.eastmoney.com/api/qt/stock/kline/get?secid=100.NDX100&klt=101&fqt=1&lmt=40&end=20500101&iscca=1&fields1=f1,f2,f3,f4,f5,f6&fields2=f51,f52,f53,f54,f55,f56,f57,f58,f59,f60,f61&_t=1787288149920",push2delay.eastmoney.com,/api/qt/stock/kline/get,1,['200'],['application/json; charset=UTF-8'],193~193,['GET']
"https://push2delay.eastmoney.com/api/qt/stock/kline/get?secid=100.NDX100&klt=101&fqt=1&lmt=40&end=20500101&iscca=1&fields1=f1,f2,f3,f4,f5,f6&fields2=f51,f52,f53,f54,f55,f56,f57,f58,f59,f60,f61&_t=1787288150078",push2delay.eastmoney.com,/api/qt/stock/kline/get,1,['200'],['application/json; charset=UTF-8'],193~193,['GET']
"https://push2delay.eastmoney.com/api/qt/stock/kline/get?secid=100.NDX100&klt=101&fqt=1&lmt=40&end=20500101&iscca=1&fields1=f1,f2,f3,f4,f5,f6&fields2=f51,f52,f53,f54,f55,f56,f57,f58,f59,f60,f61&_t=1787288150113",push2delay.eastmoney.com,/api/qt/stock/kline/get,1,['200'],['application/json; charset=UTF-8'],193~193,['GET']
"https://push2delay.eastmoney.com/api/qt/stock/kline/get?secid=100.NDX100&klt=101&fqt=1&lmt=40&end=20500101&iscca=1&fields1=f1,f2,f3,f4,f5,f6&fields2=f51,f52,f53,f54,f55,f56,f57,f58,f59,f60,f61&_t=1787288169919",push2delay.eastmoney.com,/api/qt/stock/kline/get,1,['200'],['application/json; charset=UTF-8'],193~193,['GET']
"https://push2delay.eastmoney.com/api/qt/stock/kline/get?secid=100.SPX&klt=101&fqt=1&lmt=40&end=20500101&iscca=1&fields1=f1,f2,f3,f4,f5,f6&fields2=f51,f52,f53,f54,f55,f56,f57,f58,f59,f60,f61&_t=1787288150111",push2delay.eastmoney.com,/api/qt/stock/kline/get,1,['200'],['application/json; charset=UTF-8'],184~184,['GET']
"https://push2delay.eastmoney.com/api/qt/stock/kline/get?secid=100.SPX&klt=101&fqt=1&lmt=40&end=20500101&iscca=1&fields1=f1,f2,f3,f4,f5,f6&fields2=f51,f52,f53,f54,f55,f56,f57,f58,f59,f60,f61&_t=1787288150112",push2delay.eastmoney.com,/api/qt/stock/kline/get,1,['200'],['application/json; charset=UTF-8'],184~184,['GET']
"https://push2delay.eastmoney.com/api/qt/stock/kline/get?secid=100.SPX&klt=101&fqt=1&lmt=40&end=20500101&iscca=1&fields1=f1,f2,f3,f4,f5,f6&fields2=f51,f52,f53,f54,f55,f56,f57,f58,f59,f60,f61&_t=1787288170019",push2delay.eastmoney.com,/api/qt/stock/kline/get,1,['200'],['application/json; charset=UTF-8'],184~184,['GET']
"https://push2delay.eastmoney.com/api/qt/ulist.np/get?&ut=fa5fd1943c7b386f172d6893dbfba10b&invt=2&fltt=2&secids=100.UDI,105.TLT,122.XAU,101.GC00Y,122.XAG,101.SI00Y,113.cum,113.alm,113.znm,113.nim,113.snm,0.000657,1.601958,0.002428,0.000960,0.002155&fields=f12,f13,f14,f2,f3,f4,f60,f86&_t=1787288183748",push2delay.eastmoney.com,/api/qt/ulist.np/get,1,['200'],['application/json; charset=UTF-8'],1751~1751,['GET']
"https://push2delay.eastmoney.com/api/qt/ulist.np/get?&ut=fa5fd1943c7b386f172d6893dbfba10b&invt=2&fltt=2&secids=100.UDI,105.TLT,122.XAU,101.GC00Y,122.XAG,101.SI00Y,113.cum,113.alm,113.znm,113.nim,113.snm,0.000657,1.601958,0.002428,0.000960,0.002155&fields=f12,f13,f14,f2,f3,f4,f60,f86&_t=1787288185751",push2delay.eastmoney.com,/api/qt/ulist.np/get,1,['200'],['application/json; charset=UTF-8'],1752~1752,['GET']
"https://push2delay.eastmoney.com/api/qt/ulist.np/get?&ut=fa5fd1943c7b386f172d6893dbfba10b&invt=2&fltt=2&secids=100.UDI,105.TLT,122.XAU,101.GC00Y,122.XAG,101.SI00Y,113.cum,113.alm,113.znm,113.nim,113.snm,0.000657,1.601958,0.002428,0.000960,0.002155&fields=f12,f13,f14,f2,f3,f4,f60,f86&_t=1787288188145",push2delay.eastmoney.com,/api/qt/ulist.np/get,1,['200'],['application/json; charset=UTF-8'],1750~1750,['GET']
"https://push2delay.eastmoney.com/api/qt/ulist.np/get?&ut=fa5fd1943c7b386f172d6893dbfba10b&invt=2&fltt=2&secids=105.MU,106.TSM,105.MKSI,105.INTC,106.GLW,105.SNDK,105.LRCX,105.GOOG,106.NOK&fields=f12,f13,f3",push2delay.eastmoney.com,/api/qt/ulist.np/get,1,['200'],['application/json; charset=UTF-8'],417~417,['GET']
"https://push2delay.eastmoney.com/api/qt/ulist.np/get?&ut=fa5fd1943c7b386f172d6893dbfba10b&invt=2&fltt=2&secids=122.XAU,122.XAG,101.GC00Y,101.SI00Y&fields=f12,f13,f14,f2,f3,f4,f60,f86&_t=1787288183749",push2delay.eastmoney.com,/api/qt/ulist.np/get,1,['200'],['application/json; charset=UTF-8'],498~498,['GET']
"https://push2delay.eastmoney.com/api/qt/ulist.np/get?&ut=fa5fd1943c7b386f172d6893dbfba10b&invt=2&fltt=2&secids=122.XAU,122.XAG,101.GC00Y,101.SI00Y&fields=f12,f13,f14,f2,f3,f4,f60,f86&_t=1787288185753",push2delay.eastmoney.com,/api/qt/ulist.np/get,1,['200'],['application/json; charset=UTF-8'],499~499,['GET']
"https://push2delay.eastmoney.com/api/qt/ulist.np/get?&ut=fa5fd1943c7b386f172d6893dbfba10b&invt=2&fltt=2&secids=122.XAU,122.XAG,101.GC00Y,101.SI00Y&fields=f12,f13,f14,f2,f3,f4,f60,f86&_t=1787288188146",push2delay.eastmoney.com,/api/qt/ulist.np/get,1,['200'],['application/json; charset=UTF-8'],497~497,['GET']
"https://push2his.eastmoney.com/api/qt/stock/kline/get?&secid=0.000657&fields1=f1&fields2=f51,f53,f59&klt=101&fqt=0&end=20500101&lmt=1&_t=1787288183749",push2his.eastmoney.com,/api/qt/stock/kline/get,1,['999'],[''],0~0,['GET']
"https://push2his.eastmoney.com/api/qt/stock/kline/get?&secid=0.000657&fields1=f1&fields2=f51,f53,f59&klt=101&fqt=0&end=20500101&lmt=1&_t=1787288183924",push2his.eastmoney.com,/api/qt/stock/kline/get,1,['999'],[''],0~0,['GET']
"https://push2his.eastmoney.com/api/qt/stock/kline/get?&secid=0.000657&fields1=f1&fields2=f51,f53,f59&klt=101&fqt=0&end=20500101&lmt=1&_t=1787288185753",push2his.eastmoney.com,/api/qt/stock/kline/get,1,['999'],[''],0~0,['GET']
"https://push2his.eastmoney.com/api/qt/stock/kline/get?&secid=0.000657&fields1=f1&fields2=f51,f53,f59&klt=101&fqt=0&end=20500101&lmt=1&_t=1787288185841",push2his.eastmoney.com,/api/qt/stock/kline/get,1,['999'],[''],0~0,['GET']
"https://push2his.eastmoney.com/api/qt/stock/kline/get?&secid=0.000657&fields1=f1&fields2=f51,f53,f59&klt=101&fqt=0&end=20500101&lmt=1&_t=1787288188146",push2his.eastmoney.com,/api/qt/stock/kline/get,1,['999'],[''],0~0,['GET']
"https://push2his.eastmoney.com/api/qt/stock/kline/get?&secid=0.000657&fields1=f1&fields2=f51,f53,f59&klt=101&fqt=0&end=20500101&lmt=1&_t=1787288188224",push2his.eastmoney.com,/api/qt/stock/kline/get,1,['999'],[''],0~0,['GET']
"https://push2his.eastmoney.com/api/qt/stock/kline/get?&secid=0.000960&fields1=f1&fields2=f51,f53,f59&klt=101&fqt=0&end=20500101&lmt=1&_t=1787288183749",push2his.eastmoney.com,/api/qt/stock/kline/get,1,['999'],[''],0~0,['GET']
"https://push2his.eastmoney.com/api/qt/stock/kline/get?&secid=0.000960&fields1=f1&fields2=f51,f53,f59&klt=101&fqt=0&end=20500101&lmt=1&_t=1787288183916",push2his.eastmoney.com,/api/qt/stock/kline/get,1,['999'],[''],0~0,['GET']
"https://push2his.eastmoney.com/api/qt/stock/kline/get?&secid=0.000960&fields1=f1&fields2=f51,f53,f59&klt=101&fqt=0&end=20500101&lmt=1&_t=1787288185754",push2his.eastmoney.com,/api/qt/stock/kline/get,1,['999'],[''],0~0,['GET']
"https://push2his.eastmoney.com/api/qt/stock/kline/get?&secid=0.000960&fields1=f1&fields2=f51,f53,f59&klt=101&fqt=0&end=20500101&lmt=1&_t=1787288185843",push2his.eastmoney.com,/api/qt/stock/kline/get,1,['999'],[''],0~0,['GET']
"https://push2his.eastmoney.com/api/qt/stock/kline/get?&secid=0.000960&fields1=f1&fields2=f51,f53,f59&klt=101&fqt=0&end=20500101&lmt=1&_t=1787288188147",push2his.eastmoney.com,/api/qt/stock/kline/get,1,['999'],[''],0~0,['GET']
"https://push2his.eastmoney.com/api/qt/stock/kline/get?&secid=0.000960&fields1=f1&fields2=f51,f53,f59&klt=101&fqt=0&end=20500101&lmt=1&_t=1787288188227",push2his.eastmoney.com,/api/qt/stock/kline/get,1,['999'],[''],0~0,['GET']
"https://push2his.eastmoney.com/api/qt/stock/kline/get?&secid=0.002155&fields1=f1&fields2=f51,f53,f59&klt=101&fqt=0&end=20500101&lmt=1&_t=1787288183749",push2his.eastmoney.com,/api/qt/stock/kline/get,1,['999'],[''],0~0,['GET']
"https://push2his.eastmoney.com/api/qt/stock/kline/get?&secid=0.002155&fields1=f1&fields2=f51,f53,f59&klt=101&fqt=0&end=20500101&lmt=1&_t=1787288183917",push2his.eastmoney.com,/api/qt/stock/kline/get,1,['999'],[''],0~0,['GET']
"https://push2his.eastmoney.com/api/qt/stock/kline/get?&secid=0.002155&fields1=f1&fields2=f51,f53,f59&klt=101&fqt=0&end=20500101&lmt=1&_t=1787288185755",push2his.eastmoney.com,/api/qt/stock/kline/get,1,['999'],[''],0~0,['GET']
"https://push2his.eastmoney.com/api/qt/stock/kline/get?&secid=0.002155&fields1=f1&fields2=f51,f53,f59&klt=101&fqt=0&end=20500101&lmt=1&_t=1787288185852",push2his.eastmoney.com,/api/qt/stock/kline/get,1,['999'],[''],0~0,['GET']
"https://push2his.eastmoney.com/api/qt/stock/kline/get?&secid=0.002155&fields1=f1&fields2=f51,f53,f59&klt=101&fqt=0&end=20500101&lmt=1&_t=1787288188147",push2his.eastmoney.com,/api/qt/stock/kline/get,1,['999'],[''],0~0,['GET']
"https://push2his.eastmoney.com/api/qt/stock/kline/get?&secid=0.002155&fields1=f1&fields2=f51,f53,f59&klt=101&fqt=0&end=20500101&lmt=1&_t=1787288188250",push2his.eastmoney.com,/api/qt/stock/kline/get,1,['999'],[''],0~0,['GET']
"https://push2his.eastmoney.com/api/qt/stock/kline/get?&secid=0.002428&fields1=f1&fields2=f51,f53,f59&klt=101&fqt=0&end=20500101&lmt=1&_t=1787288183749",push2his.eastmoney.com,/api/qt/stock/kline/get,1,['999'],[''],0~0,['GET']
"https://push2his.eastmoney.com/api/qt/stock/kline/get?&secid=0.002428&fields1=f1&fields2=f51,f53,f59&klt=101&fqt=0&end=20500101&lmt=1&_t=1787288183916",push2his.eastmoney.com,/api/qt/stock/kline/get,1,['999'],[''],0~0,['GET']
"https://push2his.eastmoney.com/api/qt/stock/kline/get?&secid=0.002428&fields1=f1&fields2=f51,f53,f59&klt=101&fqt=0&end=20500101&lmt=1&_t=1787288185754",push2his.eastmoney.com,/api/qt/stock/kline/get,1,['999'],[''],0~0,['GET']
"https://push2his.eastmoney.com/api/qt/stock/kline/get?&secid=0.002428&fields1=f1&fields2=f51,f53,f59&klt=101&fqt=0&end=20500101&lmt=1&_t=1787288185851",push2his.eastmoney.com,/api/qt/stock/kline/get,1,['999'],[''],0~0,['GET']
"https://push2his.eastmoney.com/api/qt/stock/kline/get?&secid=0.002428&fields1=f1&fields2=f51,f53,f59&klt=101&fqt=0&end=20500101&lmt=1&_t=1787288188147",push2his.eastmoney.com,/api/qt/stock/kline/get,1,['999'],[''],0~0,['GET']
"https://push2his.eastmoney.com/api/qt/stock/kline/get?&secid=0.002428&fields1=f1&fields2=f51,f53,f59&klt=101&fqt=0&end=20500101&lmt=1&_t=1787288188228",push2his.eastmoney.com,/api/qt/stock/kline/get,1,['999'],[''],0~0,['GET']
"https://push2his.eastmoney.com/api/qt/stock/kline/get?&secid=1.601958&fields1=f1&fields2=f51,f53,f59&klt=101&fqt=0&end=20500101&lmt=1&_t=1787288183749",push2his.eastmoney.com,/api/qt/stock/kline/get,1,['999'],[''],0~0,['GET']
"https://push2his.eastmoney.com/api/qt/stock/kline/get?&secid=1.601958&fields1=f1&fields2=f51,f53,f59&klt=101&fqt=0&end=20500101&lmt=1&_t=1787288183909",push2his.eastmoney.com,/api/qt/stock/kline/get,1,['999'],[''],0~0,['GET']
"https://push2his.eastmoney.com/api/qt/stock/kline/get?&secid=1.601958&fields1=f1&fields2=f51,f53,f59&klt=101&fqt=0&end=20500101&lmt=1&_t=1787288185754",push2his.eastmoney.com,/api/qt/stock/kline/get,1,['999'],[''],0~0,['GET']
"https://push2his.eastmoney.com/api/qt/stock/kline/get?&secid=1.601958&fields1=f1&fields2=f51,f53,f59&klt=101&fqt=0&end=20500101&lmt=1&_t=1787288185853",push2his.eastmoney.com,/api/qt/stock/kline/get,1,['999'],[''],0~0,['GET']
"https://push2his.eastmoney.com/api/qt/stock/kline/get?&secid=1.601958&fields1=f1&fields2=f51,f53,f59&klt=101&fqt=0&end=20500101&lmt=1&_t=1787288188146",push2his.eastmoney.com,/api/qt/stock/kline/get,1,['999'],[''],0~0,['GET']
"https://push2his.eastmoney.com/api/qt/stock/kline/get?&secid=1.601958&fields1=f1&fields2=f51,f53,f59&klt=101&fqt=0&end=20500101&lmt=1&_t=1787288188224",push2his.eastmoney.com,/api/qt/stock/kline/get,1,['999'],[''],0~0,['GET']
"https://push2his.eastmoney.com/api/qt/stock/kline/get?secid=100.NDX&klt=101&fqt=1&lmt=40&end=20500101&iscca=1&fields1=f1,f2,f3,f4,f5,f6&fields2=f51,f52,f53,f54,f55,f56,f57,f58,f59,f60,f61&_t=1787288142078",push2his.eastmoney.com,/api/qt/stock/kline/get,1,['999'],[''],0~0,['GET']
"https://push2his.eastmoney.com/api/qt/stock/kline/get?secid=100.NDX&klt=101&fqt=1&lmt=40&end=20500101&iscca=1&fields1=f1,f2,f3,f4,f5,f6&fields2=f51,f52,f53,f54,f55,f56,f57,f58,f59,f60,f61&_t=1787288143055",push2his.eastmoney.com,/api/qt/stock/kline/get,1,['999'],[''],0~0,['GET']
"https://push2his.eastmoney.com/api/qt/stock/kline/get?secid=100.NDX&klt=101&fqt=1&lmt=40&end=20500101&iscca=1&fields1=f1,f2,f3,f4,f5,f6&fields2=f51,f52,f53,f54,f55,f56,f57,f58,f59,f60,f61&_t=1787288144058",push2his.eastmoney.com,/api/qt/stock/kline/get,1,['999'],[''],0~0,['GET']
"https://push2his.eastmoney.com/api/qt/stock/kline/get?secid=100.NDX&klt=101&fqt=1&lmt=40&end=20500101&iscca=1&fields1=f1,f2,f3,f4,f5,f6&fields2=f51,f52,f53,f54,f55,f56,f57,f58,f59,f60,f61&_t=1787288145060",push2his.eastmoney.com,/api/qt/stock/kline/get,1,['999'],[''],0~0,['GET']
"https://push2his.eastmoney.com/api/qt/stock/kline/get?secid=100.NDX&klt=101&fqt=1&lmt=40&end=20500101&iscca=1&fields1=f1,f2,f3,f4,f5,f6&fields2=f51,f52,f53,f54,f55,f56,f57,f58,f59,f60,f61&_t=1787288168769",push2his.eastmoney.com,/api/qt/stock/kline/get,1,['999'],[''],0~0,['GET']
"https://push2his.eastmoney.com/api/qt/stock/kline/get?secid=100.NDX100&klt=101&fqt=1&lmt=40&end=20500101&iscca=1&fields1=f1,f2,f3,f4,f5,f6&fields2=f51,f52,f53,f54,f55,f56,f57,f58,f59,f60,f61&_t=1787288142078",push2his.eastmoney.com,/api/qt/stock/kline/get,1,['999'],[''],0~0,['GET']
"https://push2his.eastmoney.com/api/qt/stock/kline/get?secid=100.NDX100&klt=101&fqt=1&lmt=40&end=20500101&iscca=1&fields1=f1,f2,f3,f4,f5,f6&fields2=f51,f52,f53,f54,f55,f56,f57,f58,f59,f60,f61&_t=1787288143055",push2his.eastmoney.com,/api/qt/stock/kline/get,1,['999'],[''],0~0,['GET']
"https://push2his.eastmoney.com/api/qt/stock/kline/get?secid=100.NDX100&klt=101&fqt=1&lmt=40&end=20500101&iscca=1&fields1=f1,f2,f3,f4,f5,f6&fields2=f51,f52,f53,f54,f55,f56,f57,f58,f59,f60,f61&_t=1787288144058",push2his.eastmoney.com,/api/qt/stock/kline/get,1,['999'],[''],0~0,['GET']
"https://push2his.eastmoney.com/api/qt/stock/kline/get?secid=100.NDX100&klt=101&fqt=1&lmt=40&end=20500101&iscca=1&fields1=f1,f2,f3,f4,f5,f6&fields2=f51,f52,f53,f54,f55,f56,f57,f58,f59,f60,f61&_t=1787288145061",push2his.eastmoney.com,/api/qt/stock/kline/get,1,['999'],[''],0~0,['GET']
"https://push2his.eastmoney.com/api/qt/stock/kline/get?secid=100.NDX100&klt=101&fqt=1&lmt=40&end=20500101&iscca=1&fields1=f1,f2,f3,f4,f5,f6&fields2=f51,f52,f53,f54,f55,f56,f57,f58,f59,f60,f61&_t=1787288168769",push2his.eastmoney.com,/api/qt/stock/kline/get,1,['999'],[''],0~0,['GET']
"https://push2his.eastmoney.com/api/qt/stock/kline/get?secid=100.SPX&klt=101&fqt=1&lmt=40&end=20500101&iscca=1&fields1=f1,f2,f3,f4,f5,f6&fields2=f51,f52,f53,f54,f55,f56,f57,f58,f59,f60,f61&_t=1787288142079",push2his.eastmoney.com,/api/qt/stock/kline/get,1,['999'],[''],0~0,['GET']
"https://push2his.eastmoney.com/api/qt/stock/kline/get?secid=100.SPX&klt=101&fqt=1&lmt=40&end=20500101&iscca=1&fields1=f1,f2,f3,f4,f5,f6&fields2=f51,f52,f53,f54,f55,f56,f57,f58,f59,f60,f61&_t=1787288143055",push2his.eastmoney.com,/api/qt/stock/kline/get,1,['999'],[''],0~0,['GET']
"https://push2his.eastmoney.com/api/qt/stock/kline/get?secid=100.SPX&klt=101&fqt=1&lmt=40&end=20500101&iscca=1&fields1=f1,f2,f3,f4,f5,f6&fields2=f51,f52,f53,f54,f55,f56,f57,f58,f59,f60,f61&_t=1787288144058",push2his.eastmoney.com,/api/qt/stock/kline/get,1,['999'],[''],0~0,['GET']
"https://push2his.eastmoney.com/api/qt/stock/kline/get?secid=100.SPX&klt=101&fqt=1&lmt=40&end=20500101&iscca=1&fields1=f1,f2,f3,f4,f5,f6&fields2=f51,f52,f53,f54,f55,f56,f57,f58,f59,f60,f61&_t=1787288145061",push2his.eastmoney.com,/api/qt/stock/kline/get,1,['999'],[''],0~0,['GET']
"https://push2his.eastmoney.com/api/qt/stock/kline/get?secid=100.SPX&klt=101&fqt=1&lmt=40&end=20500101&iscca=1&fields1=f1,f2,f3,f4,f5,f6&fields2=f51,f52,f53,f54,f55,f56,f57,f58,f59,f60,f61&_t=1787288168769",push2his.eastmoney.com,/api/qt/stock/kline/get,1,['999'],[''],0~0,['GET']
